{"0.0": [0.007023999999999999, 0.00796, 0.009484, 0.011132000000000001, 0.013727999999999997, 0.01906, 0.026928000000000004, 0.045714000000000005, 0.09330999999999999, 0.289296, 0.539766, 0.6188659999999999, 0.6495380000000001, 0.665956, 0.6767419999999998, 0.6825659999999999, 0.6864480000000001, 0.689898, 0.6927699999999999, 0.6946840000000001, 0.6955500000000001], "0.05": [0.007296, 0.008396, 0.009884, 0.012233999999999998, 0.015473999999999998, 0.021498000000000003, 0.031127999999999996, 0.056642, 0.125002, 0.338322, 0.569354, 0.62914, 0.654396, 0.6690320000000001, 0.676494, 0.682492, 0.6874400000000002, 0.6893719999999999, 0.6930640000000001, 0.6936100000000001, 0.6947220000000001], "0.1": [0.007836000000000001, 0.008843999999999998, 0.010418, 0.013226, 0.017646, 0.024752000000000007, 0.038085999999999995, 0.06690800000000001, 0.18013800000000002, 0.4377, 0.594366, 0.634604, 0.65693, 0.669576, 0.6776820000000001, 0.6845220000000002, 0.686996, 0.689746, 0.6915939999999999, 0.6940839999999998, 0.695054], "0.15": [0.00832, 0.009434, 0.01127, 0.015024, 0.019194, 0.028584000000000002, 0.042554, 0.10778399999999999, 0.279712, 0.5155660000000001, 0.610888, 0.6436399999999999, 0.661194, 0.6729840000000001, 0.679858, 0.685692, 0.6899220000000001, 0.68994, 0.6907439999999998, 0.6935079999999999, 0.69565], "0.2": [0.008636, 0.010381999999999997, 0.01275, 0.01675, 0.024544, 0.032850000000000004, 0.06269, 0.151212, 0.370906, 0.5602020000000001, 0.62283, 0.650342, 0.6649499999999999, 0.6742060000000001, 0.6803919999999999, 0.686322, 0.688886, 0.690816, 0.6919620000000001, 0.695832, 0.694434], "0.25": [0.009444000000000001, 0.011672, 0.014317999999999999, 0.018602000000000004, 0.026718, 0.047386, 0.09378599999999998, 0.25956399999999996, 0.47121399999999997, 0.591706, 0.634574, 0.6582379999999999, 0.667738, 0.6765439999999999, 0.6837220000000002, 0.6866, 0.687954, 0.69056, 0.6932440000000001, 0.6929120000000001, 0.695088], "0.3": [0.010236, 0.012753999999999998, 0.016426, 0.02141, 0.034926, 0.05686800000000001, 0.14716800000000002, 0.32939799999999997, 0.547732, 0.6118339999999999, 0.6443340000000001, 0.6602020000000001, 0.670698, 0.6775140000000002, 0.684384, 0.6889640000000001, 0.6906319999999999, 0.6921539999999999, 0.6927879999999998, 0.694984, 0.69506], "0.35": [0.011304000000000002, 0.01427, 0.020466, 0.028759999999999997, 0.043382000000000004, 0.082824, 0.253922, 0.48659199999999997, 0.5817060000000001, 0.6259239999999999, 0.65059, 0.664898, 0.6735020000000002, 0.680184, 0.6848199999999999, 0.68637, 0.689756, 0.692068, 0.6936560000000002, 0.6941700000000001, 0.69592], "0.4": [0.013641999999999998, 0.016182, 0.023405999999999996, 0.035438, 0.06550800000000001, 0.150892, 0.365842, 0.544188, 0.606098, 0.638146, 0.6581980000000001, 0.6683520000000002, 0.676716, 0.681756, 0.68568, 0.6894979999999999, 0.69053, 0.690612, 0.6937440000000001, 0.6943600000000001, 0.6952320000000001], "0.45": [0.015561999999999998, 0.021054, 0.029203999999999994, 0.049526, 0.10788599999999998, 0.273064, 0.4933919999999999, 0.5799300000000001, 0.623904, 0.6450580000000001, 0.662202, 0.6726219999999999, 0.6794520000000002, 0.6833180000000002, 0.6873599999999999, 0.6898740000000001, 0.6921059999999999, 0.692276, 0.694702, 0.69469, 0.696278], "0.5": [0.019812, 0.02724, 0.038484000000000004, 0.079516, 0.21058800000000003, 0.45786599999999994, 0.562146, 0.609726, 0.6356400000000001, 0.65472, 0.663688, 0.6752720000000001, 0.680562, 0.6847639999999999, 0.68632, 0.691446, 0.6910580000000001, 0.692804, 0.6940339999999999, 0.6959380000000001, 0.695026], "0.55": [0.025264, 0.037004, 0.075056, 0.161278, 0.356842, 0.520276, 0.5876160000000001, 0.6229780000000001, 0.649176, 0.65835, 0.6693879999999999, 0.6761820000000001, 0.6819079999999998, 0.6859619999999998, 0.6879880000000002, 0.690312, 0.6919619999999999, 0.6953080000000001, 0.6935819999999999, 0.6951820000000002, 0.6945520000000001], "0.6": [0.038914, 0.063764, 0.16561800000000004, 0.340514, 0.48891399999999996, 0.573754, 0.615714, 0.6394059999999999, 0.65191, 0.6639740000000001, 0.674328, 0.678766, 0.683442, 0.687378, 0.691194, 0.691168, 0.6922879999999999, 0.692888, 0.6947059999999999, 0.6936580000000001, 0.695712], "0.65": [0.064872, 0.14635599999999999, 0.328972, 0.480634, 0.5645320000000001, 0.6030580000000001, 0.629756, 0.6493759999999998, 0.663698, 0.6723199999999998, 0.67727, 0.68262, 0.6864599999999998, 0.6871659999999999, 0.690164, 0.6920459999999999, 0.693958, 0.6937780000000002, 0.6936060000000001, 0.69491, 0.6953919999999999], "0.7": [0.17938999999999997, 0.34975, 0.4945780000000001, 0.556668, 0.5962980000000001, 0.625422, 0.643376, 0.6580499999999999, 0.6693439999999999, 0.6744399999999999, 0.679558, 0.68446, 0.687742, 0.6894900000000002, 0.6908239999999999, 0.69164, 0.6928619999999998, 0.6927760000000001, 0.6941300000000001, 0.696004, 0.69633], "0.75": [0.39748000000000006, 0.502294, 0.554852, 0.593324, 0.618862, 0.6392319999999999, 0.6528240000000001, 0.667342, 0.674834, 0.6791219999999999, 0.6832779999999998, 0.6845679999999998, 0.687688, 0.6910259999999999, 0.6931559999999999, 0.6934260000000001, 0.69316, 0.695132, 0.6940320000000001, 0.694614, 0.6952419999999999], "0.8": [0.5175, 0.561734, 0.596866, 0.6215579999999999, 0.639192, 0.652954, 0.6651900000000001, 0.6746619999999999, 0.678656, 0.6841280000000001, 0.6857060000000001, 0.6873980000000001, 0.6909480000000001, 0.691512, 0.690402, 0.6921680000000001, 0.6955159999999999, 0.69266, 0.6953520000000001, 0.6954279999999998, 0.6944460000000001], "0.85": [0.571944, 0.6019019999999999, 0.6273340000000001, 0.640882, 0.656728, 0.66663, 0.674862, 0.679418, 0.6832119999999999, 0.6860620000000001, 0.6898759999999998, 0.6893480000000001, 0.691268, 0.6911859999999999, 0.6930160000000001, 0.6932560000000001, 0.6944900000000002, 0.6952279999999998, 0.693644, 0.694846, 0.6949380000000001], "0.9": [0.616146, 0.636306, 0.65126, 0.6622520000000001, 0.6707000000000001, 0.677334, 0.6803039999999999, 0.6840259999999999, 0.6870939999999999, 0.6898360000000001, 0.690682, 0.6911460000000001, 0.6923060000000001, 0.6930020000000002, 0.695236, 0.694204, 0.694476, 0.6947439999999999, 0.6951580000000002, 0.694118, 0.6951259999999999], "0.95": [0.6576860000000001, 0.6652340000000001, 0.675022, 0.6790400000000001, 0.6845140000000001, 0.6880620000000001, 0.689746, 0.690888, 0.69147, 0.69435, 0.6924800000000002, 0.693412, 0.695034, 0.6943359999999998, 0.6940320000000001, 0.694396, 0.69471, 0.6942900000000001, 0.6953619999999999, 0.6963520000000001, 0.6948099999999999], "1.0": [0.6944080000000001, 0.6964539999999998, 0.6950360000000001, 0.6957900000000001, 0.6942380000000001, 0.6952179999999999, 0.693886, 0.6959719999999998, 0.6951400000000001, 0.6946460000000001, 0.6954020000000001, 0.6947460000000001, 0.69497, 0.6945739999999999, 0.694978, 0.6937080000000002, 0.6950540000000001, 0.6934739999999999, 0.6955939999999998, 0.69608, 0.6952759999999999]}