{"0.0": [0.00705, 0.007876000000000001, 0.009168, 0.011531999999999997, 0.014453999999999998, 0.018952000000000004, 0.026976000000000003, 0.04805199999999999, 0.10031799999999999, 0.30433400000000005, 0.51556, 0.6169180000000001, 0.650008, 0.665364, 0.676048, 0.683016, 0.6877279999999999, 0.6907760000000002, 0.691672, 0.6924800000000001, 0.6956199999999998], "0.05": [0.007292, 0.008474000000000002, 0.009902, 0.011920000000000002, 0.015366000000000001, 0.021722000000000005, 0.030852, 0.053093999999999995, 0.11748999999999998, 0.34491400000000005, 0.5695399999999999, 0.63057, 0.65494, 0.66768, 0.6774860000000001, 0.6830279999999999, 0.6875880000000001, 0.690768, 0.69207, 0.6938340000000001, 0.694968], "0.1": [0.007666000000000002, 0.008773999999999999, 0.010866, 0.013238000000000003, 0.01725, 0.025546, 0.03587800000000001, 0.060978000000000004, 0.20004000000000002, 0.46371199999999996, 0.6002839999999999, 0.63723, 0.6559840000000001, 0.6703179999999999, 0.6781219999999999, 0.6850300000000001, 0.6874760000000001, 0.6901620000000002, 0.693566, 0.694332, 0.695958], "0.15": [0.00827, 0.009238, 0.011751999999999999, 0.014652, 0.018826, 0.027817999999999996, 0.046154, 0.104658, 0.310398, 0.49394400000000005, 0.60773, 0.641794, 0.6615040000000001, 0.674628, 0.679046, 0.6863399999999998, 0.6875160000000001, 0.6905119999999999, 0.69286, 0.6946100000000002, 0.696356], "0.2": [0.008884, 0.01065, 0.012799999999999999, 0.016694, 0.022936, 0.03767, 0.06457399999999999, 0.16119399999999998, 0.39968999999999993, 0.557594, 0.619236, 0.6530400000000001, 0.6648480000000001, 0.672966, 0.6822540000000002, 0.68601, 0.6893339999999999, 0.6911820000000002, 0.6925140000000001, 0.693836, 0.6938140000000002], "0.25": [0.00964, 0.01153, 0.014165999999999998, 0.019142, 0.028482000000000004, 0.044264, 0.08947, 0.227312, 0.497386, 0.594828, 0.632112, 0.6578959999999999, 0.6705599999999999, 0.675618, 0.68222, 0.687272, 0.6897099999999999, 0.69134, 0.6924460000000002, 0.6950240000000001, 0.6954260000000001], "0.3": [0.01047, 0.012989999999999996, 0.016479999999999998, 0.022174, 0.033299999999999996, 0.061314, 0.12869999999999998, 0.358524, 0.535384, 0.611742, 0.6447160000000001, 0.6624460000000001, 0.6700119999999999, 0.6800459999999999, 0.6836420000000001, 0.687884, 0.69128, 0.691074, 0.6927420000000001, 0.69372, 0.6950359999999999], "0.35": [0.011822, 0.014529999999999998, 0.019624000000000003, 0.027198000000000003, 0.041968, 0.097466, 0.22866399999999998, 0.481322, 0.5861939999999999, 0.623228, 0.6473339999999999, 0.6631319999999999, 0.6753580000000001, 0.6799080000000001, 0.6848380000000001, 0.6884240000000001, 0.6908, 0.69211, 0.693986, 0.6955440000000002, 0.69463], "0.4": [0.013758000000000003, 0.016648, 0.024109999999999996, 0.036433999999999994, 0.056849999999999984, 0.15122000000000002, 0.38389599999999996, 0.5266080000000001, 0.6075579999999999, 0.6393800000000001, 0.657224, 0.6690900000000001, 0.6763420000000001, 0.682036, 0.6866920000000001, 0.689784, 0.690812, 0.6912140000000001, 0.6941640000000001, 0.69439, 0.695758], "0.45": [0.015668, 0.020509999999999997, 0.030265999999999998, 0.046846000000000006, 0.112144, 0.28051, 0.5072639999999999, 0.5711179999999999, 0.6231080000000001, 0.6480560000000001, 0.6603359999999999, 0.6704920000000001, 0.6767120000000001, 0.68423, 0.6878120000000001, 0.6891799999999999, 0.691168, 0.6930580000000001, 0.693064, 0.6939980000000001, 0.6953720000000001], "0.5": [0.019836, 0.027872000000000004, 0.04566, 0.080262, 0.19003399999999995, 0.42094000000000004, 0.549258, 0.608828, 0.635914, 0.6519400000000001, 0.6658740000000001, 0.673182, 0.680288, 0.6852719999999999, 0.6886920000000001, 0.6888759999999999, 0.69226, 0.694158, 0.694262, 0.6943759999999999, 0.69458], "0.55": [0.024946000000000003, 0.040222, 0.06404800000000001, 0.15526399999999999, 0.38006799999999996, 0.530044, 0.58769, 0.626412, 0.6438379999999999, 0.659114, 0.667656, 0.677106, 0.6819320000000001, 0.6858580000000001, 0.689462, 0.69066, 0.691712, 0.693996, 0.6947999999999999, 0.694936, 0.6950139999999999], "0.6": [0.038726000000000003, 0.06885600000000001, 0.153932, 0.332038, 0.49485999999999997, 0.57528, 0.611202, 0.6386080000000001, 0.654922, 0.6642240000000001, 0.67327, 0.679396, 0.6836720000000001, 0.684818, 0.6893140000000001, 0.691516, 0.6918699999999999, 0.6935379999999999, 0.692942, 0.695288, 0.6944600000000001], "0.65": [0.060683999999999995, 0.14628999999999998, 0.366836, 0.481108, 0.5621740000000002, 0.606098, 0.628818, 0.648158, 0.661982, 0.671038, 0.6751379999999999, 0.6819999999999999, 0.686658, 0.6896999999999999, 0.6918400000000001, 0.6905279999999999, 0.6934359999999999, 0.694358, 0.694354, 0.695328, 0.6954140000000001], "0.7": [0.172764, 0.37193200000000004, 0.48465199999999997, 0.554644, 0.597128, 0.6252580000000001, 0.6424940000000001, 0.65821, 0.66699, 0.675646, 0.6801520000000001, 0.6838779999999999, 0.6886840000000001, 0.688532, 0.6915100000000001, 0.6935800000000001, 0.6918419999999998, 0.6934560000000002, 0.694798, 0.6953760000000001, 0.694016], "0.75": [0.421436, 0.50471, 0.558296, 0.593274, 0.6213980000000001, 0.640128, 0.656054, 0.6663539999999999, 0.671704, 0.6811060000000001, 0.6829480000000001, 0.68648, 0.690278, 0.690504, 0.6910599999999999, 0.6939540000000001, 0.6932680000000001, 0.6930320000000001, 0.6953479999999999, 0.695638, 0.695676], "0.8": [0.516328, 0.5623999999999999, 0.59487, 0.61973, 0.6407979999999999, 0.6534899999999999, 0.66487, 0.672894, 0.677808, 0.6820639999999999, 0.6864319999999999, 0.688598, 0.68896, 0.6911359999999999, 0.692454, 0.6930279999999999, 0.694298, 0.6948939999999999, 0.6938159999999999, 0.69564, 0.694966], "0.85": [0.57244, 0.6047980000000001, 0.627462, 0.6430839999999999, 0.6581980000000001, 0.665026, 0.673734, 0.67984, 0.6837559999999999, 0.6851019999999999, 0.68734, 0.6905600000000001, 0.691894, 0.691748, 0.6934279999999999, 0.6939740000000001, 0.69292, 0.69471, 0.6958319999999999, 0.695458, 0.6959179999999999], "0.9": [0.617152, 0.6371240000000001, 0.650506, 0.6633199999999999, 0.6722199999999999, 0.6778939999999999, 0.6835479999999998, 0.68502, 0.68717, 0.6885539999999999, 0.6910919999999998, 0.6915340000000001, 0.69272, 0.6927500000000001, 0.693908, 0.6941979999999998, 0.6938539999999999, 0.6953, 0.6949259999999999, 0.6954319999999999, 0.6942380000000001], "0.95": [0.658816, 0.66604, 0.673996, 0.678136, 0.684268, 0.6848639999999999, 0.6884640000000001, 0.6899080000000001, 0.691216, 0.691938, 0.6941779999999999, 0.6943819999999999, 0.693392, 0.6945260000000001, 0.693716, 0.6952999999999999, 0.695606, 0.694576, 0.6956319999999999, 0.6945500000000001, 0.694814], "1.0": [0.6957079999999999, 0.6954020000000001, 0.6966699999999999, 0.693926, 0.6943519999999999, 0.694756, 0.696044, 0.694178, 0.696634, 0.6946519999999999, 0.6955040000000001, 0.6959800000000002, 0.69523, 0.6960780000000001, 0.6948880000000002, 0.6954520000000001, 0.6949259999999999, 0.6939479999999999, 0.694238, 0.6954399999999998, 0.6954119999999999]}