{"0.0": [0.00707, 0.007892, 0.009218, 0.010916000000000004, 0.013796000000000001, 0.018834000000000004, 0.026913999999999997, 0.044666000000000004, 0.07960600000000001, 0.28423200000000004, 0.521776, 0.619546, 0.649822, 0.6662880000000001, 0.6745260000000001, 0.6829999999999999, 0.6864100000000001, 0.69149, 0.6932240000000001, 0.695144, 0.6939019999999998], "0.05": [0.007420000000000001, 0.008488, 0.010086, 0.012029999999999999, 0.015526000000000002, 0.021067999999999996, 0.032286, 0.054644000000000005, 0.123016, 0.35975, 0.553992, 0.625538, 0.654118, 0.669642, 0.676254, 0.682828, 0.6881899999999999, 0.6905859999999998, 0.6928439999999999, 0.69378, 0.6948280000000001], "0.1": [0.007688000000000001, 0.008813999999999999, 0.010589999999999999, 0.013246, 0.017632, 0.025489999999999995, 0.035416, 0.072476, 0.20114600000000002, 0.443744, 0.581934, 0.63807, 0.659048, 0.6720579999999999, 0.6798040000000001, 0.6843360000000002, 0.6881179999999999, 0.6906639999999998, 0.692066, 0.6938179999999997, 0.696622], "0.15": [0.008166, 0.009524, 0.011504, 0.014851999999999999, 0.019611999999999997, 0.028395999999999998, 0.048423999999999995, 0.10452599999999998, 0.259806, 0.526022, 0.6107419999999999, 0.6419419999999999, 0.6597879999999999, 0.6740940000000001, 0.678608, 0.6854340000000001, 0.6885040000000001, 0.6904799999999999, 0.691884, 0.6952919999999999, 0.6959599999999999], "0.2": [0.008893999999999999, 0.010586, 0.012915999999999999, 0.0169, 0.022815999999999996, 0.034856, 0.054842, 0.149694, 0.404656, 0.573816, 0.6192940000000001, 0.645858, 0.6644580000000001, 0.6746279999999999, 0.6799200000000002, 0.6852259999999998, 0.689458, 0.690738, 0.692966, 0.693798, 0.695378], "0.25": [0.009484, 0.011258, 0.01441, 0.018972000000000003, 0.028344000000000005, 0.04210399999999999, 0.09084400000000001, 0.230006, 0.46303000000000005, 0.599026, 0.6365320000000001, 0.656828, 0.6698459999999998, 0.676956, 0.681864, 0.687058, 0.6892159999999999, 0.6917880000000001, 0.693, 0.6949620000000002, 0.6948000000000001], "0.3": [0.010786, 0.012435999999999997, 0.017041999999999998, 0.022795999999999997, 0.036455999999999995, 0.0557, 0.13457, 0.35479400000000005, 0.5344639999999999, 0.614002, 0.644168, 0.659668, 0.6707820000000001, 0.6779540000000002, 0.6831960000000001, 0.6885020000000001, 0.6897859999999999, 0.6919059999999999, 0.69259, 0.694462, 0.6949380000000001], "0.35": [0.011860000000000002, 0.014521999999999997, 0.019747999999999998, 0.028741999999999997, 0.044146, 0.10526400000000001, 0.242738, 0.44943000000000005, 0.589424, 0.62533, 0.6495019999999999, 0.6613840000000001, 0.6740600000000001, 0.680056, 0.683772, 0.6887119999999999, 0.6897960000000001, 0.692632, 0.6944619999999999, 0.6954220000000001, 0.6954619999999998], "0.4": [0.014054000000000002, 0.01776, 0.024896, 0.038042, 0.061904, 0.16206399999999999, 0.36848, 0.547774, 0.607004, 0.639064, 0.6567819999999999, 0.6676039999999999, 0.6754939999999999, 0.6809559999999999, 0.6858359999999999, 0.68881, 0.6911779999999998, 0.6920800000000001, 0.6929940000000001, 0.6948740000000001, 0.6947679999999999], "0.45": [0.01568, 0.021907999999999997, 0.030180000000000002, 0.04934399999999999, 0.10896400000000002, 0.259006, 0.4944579999999999, 0.572304, 0.622108, 0.645592, 0.6609560000000001, 0.67108, 0.6778899999999999, 0.6844499999999999, 0.6859400000000001, 0.6889360000000001, 0.691592, 0.691494, 0.6948139999999999, 0.69521, 0.6952439999999999], "0.5": [0.018898, 0.027607999999999997, 0.040362, 0.08489600000000001, 0.20211800000000005, 0.45709799999999995, 0.5504380000000001, 0.6079760000000001, 0.6376379999999999, 0.6548880000000001, 0.665418, 0.6739480000000002, 0.6790619999999999, 0.6853180000000001, 0.686672, 0.6912620000000002, 0.6908019999999999, 0.6935879999999999, 0.6953879999999999, 0.6935360000000002, 0.6958920000000001], "0.55": [0.025494000000000003, 0.038518, 0.069226, 0.164128, 0.37670200000000004, 0.530452, 0.589672, 0.6213960000000001, 0.6440260000000001, 0.660642, 0.6686380000000001, 0.6758679999999998, 0.683482, 0.6855100000000001, 0.6876739999999999, 0.6904859999999999, 0.6932, 0.6936220000000002, 0.6929700000000001, 0.6955299999999999, 0.6953020000000001], "0.6": [0.038796000000000004, 0.067876, 0.156782, 0.335704, 0.509786, 0.57301, 0.616802, 0.6376539999999999, 0.6530239999999999, 0.6676000000000001, 0.6748580000000001, 0.6798919999999999, 0.6845060000000001, 0.6888920000000002, 0.68942, 0.6906159999999999, 0.6924520000000001, 0.6927719999999999, 0.6946260000000001, 0.6950740000000001, 0.6946340000000001], "0.65": [0.060604, 0.149538, 0.34309599999999996, 0.494418, 0.56592, 0.604796, 0.6297159999999999, 0.65054, 0.662718, 0.670388, 0.6761859999999998, 0.682064, 0.6852059999999999, 0.689988, 0.689512, 0.69251, 0.693842, 0.693742, 0.695066, 0.695518, 0.6953119999999999], "0.7": [0.16378200000000004, 0.34254199999999996, 0.4933820000000001, 0.55201, 0.5941200000000001, 0.6265, 0.6441499999999999, 0.6577560000000001, 0.6678080000000002, 0.6749580000000001, 0.679988, 0.684596, 0.6871120000000001, 0.689236, 0.691544, 0.6923200000000002, 0.692972, 0.694452, 0.692504, 0.6942820000000002, 0.695182], "0.75": [0.40525599999999995, 0.512512, 0.5532520000000001, 0.5938420000000001, 0.6200039999999999, 0.6415179999999999, 0.65429, 0.6659639999999999, 0.6735120000000001, 0.679068, 0.6842100000000001, 0.6857620000000001, 0.6882759999999999, 0.6901599999999999, 0.69168, 0.6933600000000001, 0.69313, 0.6941839999999999, 0.6942579999999999, 0.6959360000000001, 0.6946239999999999], "0.8": [0.517388, 0.562948, 0.5932819999999999, 0.6189119999999999, 0.640114, 0.6554300000000001, 0.666016, 0.6725660000000001, 0.6779899999999999, 0.6829500000000001, 0.6856379999999999, 0.687608, 0.69007, 0.691404, 0.6938499999999999, 0.693554, 0.6944, 0.695524, 0.6937919999999999, 0.694746, 0.69487], "0.85": [0.573232, 0.6024480000000001, 0.6242939999999999, 0.6432419999999999, 0.655672, 0.666762, 0.6740780000000001, 0.6802799999999999, 0.6832079999999999, 0.68734, 0.6868040000000001, 0.69093, 0.6921780000000003, 0.6929899999999999, 0.6931259999999999, 0.6936599999999998, 0.6939719999999998, 0.6942679999999999, 0.694784, 0.695804, 0.695144], "0.9": [0.61747, 0.6361260000000001, 0.6511960000000001, 0.6623319999999999, 0.6707059999999998, 0.6768279999999999, 0.6809919999999999, 0.6843, 0.6874159999999999, 0.68883, 0.6902339999999999, 0.6920459999999999, 0.6937759999999998, 0.6928299999999998, 0.6929120000000001, 0.6937559999999999, 0.6951519999999999, 0.695144, 0.695416, 0.694296, 0.6959139999999999], "0.95": [0.6572659999999999, 0.667028, 0.6741600000000001, 0.6805539999999999, 0.6828320000000001, 0.6869040000000001, 0.6883299999999999, 0.6904260000000001, 0.6920959999999999, 0.69271, 0.692726, 0.69321, 0.693352, 0.694358, 0.6947639999999999, 0.6948240000000001, 0.694358, 0.6956, 0.696284, 0.695848, 0.6956399999999999], "1.0": [0.695556, 0.694622, 0.6947200000000001, 0.694856, 0.695538, 0.6949480000000001, 0.6970039999999998, 0.695202, 0.6943139999999999, 0.6956860000000001, 0.69556, 0.69461, 0.6944800000000001, 0.6946840000000002, 0.6958500000000001, 0.6944420000000001, 0.6949040000000001, 0.6953540000000001, 0.694494, 0.695294, 0.695246]}