{"0.0": [0.007131999999999999, 0.00797, 0.009375999999999999, 0.011332, 0.014102000000000002, 0.018834, 0.026848, 0.043980000000000005, 0.08584, 0.26935000000000003, 0.519344, 0.61705, 0.64628, 0.66714, 0.673578, 0.6810739999999998, 0.6868380000000001, 0.6896079999999999, 0.692058, 0.6941859999999999, 0.6937580000000001], "0.05": [0.007391999999999999, 0.008544, 0.010032000000000001, 0.012450000000000001, 0.015733999999999998, 0.021304000000000003, 0.031996, 0.05431400000000001, 0.12422199999999999, 0.37049600000000005, 0.563814, 0.6270279999999999, 0.65042, 0.670264, 0.676428, 0.683452, 0.688378, 0.6898320000000001, 0.693448, 0.6957519999999999, 0.6951219999999999], "0.1": [0.007757999999999999, 0.009012, 0.010577999999999999, 0.013303999999999998, 0.017424, 0.024029999999999996, 0.037998, 0.070662, 0.164396, 0.4379439999999999, 0.590526, 0.635334, 0.6576820000000001, 0.669752, 0.676566, 0.6851579999999999, 0.6889040000000002, 0.6920780000000001, 0.692042, 0.693906, 0.69426], "0.15": [0.008088, 0.009517999999999999, 0.011776, 0.014436, 0.018847999999999997, 0.029114, 0.048558000000000004, 0.106926, 0.296384, 0.506548, 0.6040300000000001, 0.644792, 0.662226, 0.6724780000000001, 0.67951, 0.68546, 0.688452, 0.6912840000000001, 0.6939119999999999, 0.6946859999999999, 0.6956660000000001], "0.2": [0.008868000000000001, 0.010551999999999997, 0.012832000000000001, 0.016306, 0.022186000000000004, 0.032645999999999994, 0.06382199999999999, 0.141596, 0.377128, 0.5632420000000001, 0.625074, 0.6488200000000001, 0.6636279999999999, 0.6751140000000001, 0.6804399999999999, 0.686052, 0.6890740000000001, 0.6905940000000002, 0.693292, 0.6939379999999998, 0.6957340000000001], "0.25": [0.009688, 0.011634000000000002, 0.014662, 0.019913999999999998, 0.026198000000000006, 0.045348000000000006, 0.088048, 0.254038, 0.4870400000000001, 0.5960120000000001, 0.6334420000000001, 0.6524139999999999, 0.6672319999999999, 0.6774700000000001, 0.6839740000000001, 0.6855159999999999, 0.6888939999999999, 0.691618, 0.693966, 0.694618, 0.696418], "0.3": [0.010388, 0.012962, 0.016810000000000002, 0.023526000000000002, 0.033476000000000006, 0.062172, 0.15038400000000002, 0.33702, 0.55809, 0.61726, 0.640926, 0.6609919999999999, 0.6717900000000001, 0.67988, 0.683412, 0.686664, 0.6899, 0.6922440000000001, 0.6936840000000001, 0.6939080000000001, 0.6959599999999999], "0.35": [0.011897999999999999, 0.014868, 0.019918, 0.028073999999999998, 0.046529999999999995, 0.07515799999999999, 0.245368, 0.476864, 0.575384, 0.6271739999999999, 0.647832, 0.6641859999999999, 0.6742160000000001, 0.679846, 0.6854700000000001, 0.687306, 0.6913380000000001, 0.691614, 0.6931239999999999, 0.6944080000000001, 0.695364], "0.4": [0.01345, 0.016967999999999997, 0.025384000000000004, 0.035162, 0.071644, 0.132862, 0.368894, 0.532674, 0.605926, 0.638906, 0.6569300000000001, 0.668768, 0.676448, 0.6811460000000001, 0.6857100000000002, 0.6872480000000002, 0.69187, 0.6930320000000002, 0.693368, 0.6936960000000001, 0.694482], "0.45": [0.016376, 0.021042, 0.030989999999999997, 0.050328, 0.10358200000000001, 0.31150599999999995, 0.4767100000000001, 0.5826520000000001, 0.6217300000000001, 0.645972, 0.661656, 0.671002, 0.6783020000000001, 0.683386, 0.6856880000000001, 0.6887319999999998, 0.6899299999999999, 0.692536, 0.692922, 0.6946819999999999, 0.694852], "0.5": [0.019549999999999998, 0.027521999999999998, 0.046923999999999993, 0.08411199999999999, 0.20774, 0.417918, 0.5496800000000001, 0.6058359999999999, 0.637942, 0.654602, 0.665344, 0.6747920000000001, 0.6817859999999999, 0.684562, 0.687248, 0.6903920000000001, 0.691724, 0.693814, 0.694634, 0.693468, 0.694626], "0.55": [0.025692, 0.03991599999999999, 0.06811600000000001, 0.176482, 0.40007799999999993, 0.529536, 0.59585, 0.6237119999999999, 0.644276, 0.6618160000000001, 0.671138, 0.6787439999999999, 0.68255, 0.684898, 0.6877580000000001, 0.690086, 0.6910299999999999, 0.69214, 0.6949879999999999, 0.6955120000000001, 0.6944020000000001], "0.6": [0.037388000000000005, 0.058534, 0.159106, 0.35226599999999997, 0.507404, 0.575286, 0.61073, 0.637554, 0.65654, 0.6669380000000001, 0.6739300000000001, 0.6794300000000001, 0.6835880000000002, 0.6877060000000002, 0.6900900000000001, 0.6927860000000001, 0.691866, 0.693666, 0.694306, 0.6957360000000001, 0.6955479999999998], "0.65": [0.071902, 0.14641800000000002, 0.33195800000000003, 0.493856, 0.560764, 0.602198, 0.6301000000000001, 0.650998, 0.6641340000000001, 0.6706660000000001, 0.677576, 0.6817519999999999, 0.6867479999999999, 0.68954, 0.690034, 0.6917600000000002, 0.69281, 0.6934559999999999, 0.6946460000000001, 0.695266, 0.6953360000000001], "0.7": [0.19190800000000002, 0.368946, 0.49565799999999993, 0.5562260000000001, 0.593462, 0.6241939999999999, 0.643524, 0.658582, 0.6686660000000001, 0.6741340000000002, 0.6795800000000001, 0.68337, 0.6879379999999997, 0.6890180000000001, 0.692134, 0.6931819999999999, 0.693202, 0.6953040000000001, 0.694632, 0.6955659999999999, 0.69536], "0.75": [0.40007400000000004, 0.498976, 0.555994, 0.592834, 0.621652, 0.6397700000000001, 0.6542479999999999, 0.6654820000000001, 0.6723319999999999, 0.6787659999999999, 0.683278, 0.6871300000000001, 0.6899640000000001, 0.6912579999999999, 0.6907320000000001, 0.692856, 0.691166, 0.6934279999999999, 0.6943299999999998, 0.6943480000000001, 0.6946799999999999], "0.8": [0.5122059999999999, 0.5614500000000001, 0.5972999999999999, 0.62141, 0.640074, 0.6536, 0.665818, 0.67283, 0.679544, 0.681664, 0.685716, 0.6876859999999999, 0.6913759999999999, 0.6924260000000001, 0.693314, 0.691836, 0.6933680000000001, 0.6940940000000001, 0.69489, 0.694512, 0.694386], "0.85": [0.572648, 0.6025659999999999, 0.624512, 0.643386, 0.6571819999999999, 0.6667439999999999, 0.673446, 0.6813779999999998, 0.6829560000000001, 0.686204, 0.6879120000000001, 0.6911080000000002, 0.6912699999999999, 0.6935459999999999, 0.6942460000000001, 0.6939119999999999, 0.6932619999999998, 0.6951920000000001, 0.69482, 0.69408, 0.6948680000000002], "0.9": [0.615786, 0.638328, 0.650988, 0.66297, 0.6707040000000001, 0.67699, 0.6811379999999998, 0.6854199999999999, 0.687572, 0.6877200000000001, 0.6906100000000001, 0.6916099999999998, 0.6915459999999999, 0.6926680000000001, 0.6949299999999999, 0.6934640000000001, 0.693838, 0.69506, 0.694656, 0.6954359999999999, 0.6957879999999999], "0.95": [0.659006, 0.666206, 0.675724, 0.6814299999999999, 0.683164, 0.687386, 0.688126, 0.6914920000000001, 0.6919420000000001, 0.690956, 0.693014, 0.6937240000000001, 0.69282, 0.693982, 0.6931620000000001, 0.694474, 0.6953900000000001, 0.6950120000000001, 0.695882, 0.6958200000000001, 0.6939100000000002], "1.0": [0.695948, 0.6942140000000001, 0.693906, 0.6964060000000001, 0.6943280000000002, 0.695562, 0.695654, 0.694468, 0.6945160000000001, 0.697032, 0.6963220000000001, 0.6955939999999999, 0.6955820000000001, 0.6952280000000002, 0.694848, 0.6943199999999998, 0.694978, 0.69477, 0.695384, 0.693874, 0.695834]}