{"0.0": [0.007124, 0.007857999999999999, 0.009299999999999998, 0.011032, 0.01372, 0.018368, 0.027792000000000004, 0.044663999999999995, 0.089804, 0.23981200000000005, 0.4916420000000001, 0.6178560000000001, 0.650342, 0.6666779999999999, 0.675028, 0.6837360000000001, 0.6868240000000001, 0.690494, 0.692254, 0.694972, 0.6965299999999999], "0.05": [0.007268, 0.008230000000000001, 0.009804, 0.012103999999999998, 0.015674, 0.021710000000000004, 0.034522, 0.05619, 0.133804, 0.38155199999999995, 0.5716380000000001, 0.631942, 0.653074, 0.669196, 0.67845, 0.683884, 0.6865360000000001, 0.689936, 0.6923180000000001, 0.6926340000000001, 0.693758], "0.1": [0.007632, 0.008978, 0.010719999999999999, 0.013172, 0.017054, 0.023926, 0.04002, 0.070186, 0.194998, 0.45005599999999996, 0.594566, 0.634702, 0.6546219999999999, 0.6722879999999999, 0.6785420000000001, 0.683764, 0.6888239999999999, 0.691544, 0.693474, 0.694816, 0.6941720000000001], "0.15": [0.008171999999999999, 0.009706, 0.011666000000000003, 0.01452, 0.020226, 0.030034, 0.048734, 0.095994, 0.29007, 0.49792999999999993, 0.608496, 0.6439400000000001, 0.662394, 0.6723119999999999, 0.680206, 0.6832660000000002, 0.6891539999999999, 0.6909919999999998, 0.6933039999999999, 0.693468, 0.6942320000000001], "0.2": [0.008686000000000001, 0.010343999999999999, 0.012445999999999999, 0.016974, 0.022392000000000002, 0.033834, 0.06284, 0.157366, 0.380118, 0.577488, 0.6247640000000001, 0.6487360000000001, 0.6646540000000001, 0.6750240000000001, 0.68073, 0.683496, 0.6900039999999998, 0.6918259999999999, 0.6929559999999999, 0.69333, 0.6941839999999999], "0.25": [0.009453999999999999, 0.01155, 0.014251999999999997, 0.019444000000000003, 0.027094, 0.04213199999999999, 0.08746999999999999, 0.246828, 0.47419200000000006, 0.5869240000000001, 0.6365319999999999, 0.654962, 0.6678160000000001, 0.6756779999999999, 0.6825279999999999, 0.687802, 0.68824, 0.6910040000000001, 0.69428, 0.6943860000000001, 0.69601], "0.3": [0.010525999999999997, 0.012806, 0.015992, 0.022364000000000005, 0.031684000000000004, 0.05911200000000001, 0.139208, 0.35048999999999997, 0.546664, 0.604424, 0.64259, 0.6591779999999998, 0.6705139999999998, 0.67773, 0.6831919999999999, 0.6881159999999998, 0.6895200000000001, 0.6931880000000001, 0.6921900000000001, 0.69422, 0.6950879999999999], "0.35": [0.0115, 0.015191999999999997, 0.019771999999999998, 0.028156, 0.043466, 0.08757799999999999, 0.22668, 0.48957, 0.587714, 0.621692, 0.6497359999999999, 0.663558, 0.6740540000000002, 0.680822, 0.685098, 0.68849, 0.691196, 0.6922639999999999, 0.6936700000000002, 0.694236, 0.694538], "0.4": [0.012878, 0.017276, 0.022968000000000002, 0.034589999999999996, 0.06818400000000001, 0.16595600000000002, 0.38022400000000006, 0.55169, 0.6048399999999999, 0.638196, 0.656016, 0.6699499999999999, 0.6753939999999998, 0.6808320000000001, 0.6837960000000001, 0.687224, 0.6916340000000001, 0.692054, 0.6944239999999999, 0.6951860000000001, 0.69515], "0.45": [0.016133999999999996, 0.020771999999999995, 0.03137999999999999, 0.05084, 0.10153400000000001, 0.255262, 0.472186, 0.5824379999999999, 0.6216039999999999, 0.645916, 0.660852, 0.6701499999999999, 0.6795899999999999, 0.6819, 0.687592, 0.690652, 0.6920439999999999, 0.692384, 0.6934100000000001, 0.696344, 0.6936019999999999], "0.5": [0.018826, 0.026448, 0.04255199999999999, 0.08820800000000001, 0.21349800000000002, 0.42471400000000004, 0.557898, 0.6079859999999999, 0.6356860000000001, 0.6542359999999999, 0.6651020000000001, 0.673602, 0.680942, 0.68427, 0.6879720000000001, 0.688866, 0.691974, 0.691108, 0.69367, 0.6940339999999998, 0.694754], "0.55": [0.024928, 0.039096, 0.07167000000000001, 0.17530400000000002, 0.35635000000000006, 0.5277, 0.5887100000000001, 0.624056, 0.6474420000000001, 0.659202, 0.6696020000000001, 0.677958, 0.684104, 0.6853199999999999, 0.6884440000000001, 0.6911459999999999, 0.6915600000000001, 0.6935020000000001, 0.6936060000000001, 0.695964, 0.695044], "0.6": [0.037212, 0.06564400000000001, 0.158476, 0.34019400000000005, 0.48991999999999997, 0.5769620000000001, 0.613242, 0.6378900000000001, 0.6539159999999999, 0.6667620000000001, 0.67518, 0.679324, 0.685206, 0.6858739999999999, 0.6887019999999998, 0.691786, 0.693348, 0.6928420000000002, 0.6936279999999999, 0.6951919999999998, 0.695974], "0.65": [0.061686000000000005, 0.145536, 0.31098200000000004, 0.48257599999999995, 0.562354, 0.601864, 0.6295620000000001, 0.6471600000000001, 0.6626080000000001, 0.671802, 0.676242, 0.68136, 0.684986, 0.688946, 0.6909360000000002, 0.692658, 0.6929859999999999, 0.6932619999999998, 0.6950419999999999, 0.693468, 0.6953800000000001], "0.7": [0.18776600000000002, 0.34803599999999996, 0.49723, 0.552532, 0.5959, 0.6260600000000001, 0.6437780000000001, 0.65836, 0.6658740000000001, 0.6740619999999999, 0.6801719999999999, 0.684944, 0.687148, 0.6890940000000001, 0.691082, 0.6913399999999998, 0.6940840000000001, 0.6936920000000001, 0.694354, 0.6944859999999998, 0.6957760000000001], "0.75": [0.396, 0.507622, 0.5585460000000001, 0.594384, 0.6205539999999999, 0.6391600000000001, 0.655188, 0.664326, 0.673792, 0.67947, 0.6851620000000002, 0.688138, 0.6892400000000001, 0.69, 0.6923459999999999, 0.692982, 0.6938319999999999, 0.6947180000000001, 0.6941900000000001, 0.695086, 0.69565], "0.8": [0.520544, 0.5623640000000001, 0.596126, 0.620924, 0.6404620000000001, 0.654606, 0.6640280000000002, 0.6737339999999999, 0.67974, 0.6827480000000001, 0.686162, 0.6891200000000001, 0.690518, 0.6920460000000002, 0.690998, 0.6939379999999999, 0.69324, 0.6936439999999999, 0.6938119999999999, 0.6951400000000001, 0.695856], "0.85": [0.5721120000000001, 0.603812, 0.625864, 0.643688, 0.655906, 0.664764, 0.674602, 0.6812999999999999, 0.683506, 0.68707, 0.6874380000000001, 0.689616, 0.692144, 0.6929, 0.6940620000000002, 0.6950180000000001, 0.6931200000000001, 0.6948280000000001, 0.6947639999999999, 0.694554, 0.694702], "0.9": [0.617666, 0.636814, 0.6504479999999999, 0.6613939999999999, 0.6699660000000001, 0.6778, 0.681378, 0.685916, 0.6872859999999998, 0.6909179999999999, 0.6918660000000001, 0.6919339999999999, 0.692058, 0.69419, 0.693262, 0.6937319999999998, 0.6938000000000001, 0.6950519999999999, 0.6949239999999999, 0.6949560000000001, 0.6954199999999999], "0.95": [0.6561159999999999, 0.6673279999999999, 0.6751079999999999, 0.679426, 0.6843159999999997, 0.687416, 0.6879339999999999, 0.6904399999999999, 0.691982, 0.6929100000000001, 0.6933500000000001, 0.693784, 0.6948079999999999, 0.695054, 0.6958780000000001, 0.693862, 0.6956620000000001, 0.6952119999999999, 0.6953020000000001, 0.6959139999999999, 0.6944640000000001], "1.0": [0.6955800000000001, 0.69674, 0.6952380000000001, 0.6957239999999999, 0.695106, 0.695766, 0.696874, 0.695186, 0.6955079999999999, 0.6962620000000002, 0.6948380000000001, 0.6942900000000001, 0.695278, 0.6955460000000001, 0.695946, 0.6952339999999999, 0.6943860000000001, 0.6950319999999999, 0.6952740000000002, 0.6944879999999999, 0.694242]}