{"0.0": [0.008968, 0.010582000000000003, 0.013258, 0.01804, 0.02912, 0.070178, 0.46545000000000003, 0.7844140000000001, 0.8423099999999999, 0.867566, 0.8827919999999999, 0.889646, 0.893108, 0.89593, 0.8977020000000002, 0.899282, 0.899196, 0.899388, 0.8998139999999999, 0.9004660000000001, 0.9001], "0.05": [0.009342, 0.011370000000000002, 0.014784000000000002, 0.021418, 0.037714, 0.13645, 0.6459199999999999, 0.80297, 0.848996, 0.8712399999999999, 0.8838339999999999, 0.8901119999999999, 0.8943559999999999, 0.8966580000000001, 0.8972239999999999, 0.8984020000000001, 0.898974, 0.8991579999999999, 0.899428, 0.89985, 0.900254], "0.1": [0.01, 0.012428, 0.01619, 0.024728000000000003, 0.050581999999999995, 0.27071, 0.7247199999999999, 0.817838, 0.8537599999999999, 0.8723379999999998, 0.8851520000000002, 0.889842, 0.8945839999999999, 0.8963840000000001, 0.8981739999999999, 0.89953, 0.8989879999999999, 0.898442, 0.8991880000000001, 0.8988499999999999, 0.9005120000000001], "0.15": [0.010866, 0.013506, 0.01903, 0.031396, 0.08061, 0.5039779999999999, 0.7612580000000001, 0.828558, 0.8586860000000001, 0.8759759999999999, 0.8852520000000001, 0.8915700000000001, 0.8949339999999998, 0.8964480000000001, 0.898058, 0.8982380000000001, 0.8995460000000002, 0.8990319999999998, 0.899466, 0.8990700000000001, 0.8996140000000001], "0.2": [0.011644000000000003, 0.015220000000000001, 0.022056, 0.041381999999999995, 0.151444, 0.6538680000000001, 0.7838340000000001, 0.8364299999999999, 0.86401, 0.878236, 0.887366, 0.892282, 0.895072, 0.897272, 0.8982440000000002, 0.8987459999999998, 0.9000040000000001, 0.899384, 0.899572, 0.8994399999999999, 0.8991059999999998], "0.25": [0.012872, 0.01822, 0.029256, 0.066374, 0.363226, 0.714704, 0.800254, 0.84661, 0.867336, 0.8802880000000001, 0.8876740000000001, 0.8922680000000001, 0.8957999999999998, 0.896758, 0.898184, 0.8993340000000001, 0.8992040000000001, 0.9002499999999999, 0.90012, 0.899436, 0.900084], "0.3": [0.015173999999999997, 0.022166, 0.041242, 0.13058199999999998, 0.5917379999999999, 0.753356, 0.8160839999999999, 0.852448, 0.87078, 0.8815480000000001, 0.8894639999999998, 0.8929360000000002, 0.896266, 0.8966600000000001, 0.8991020000000001, 0.8980179999999999, 0.8992899999999999, 0.8992540000000001, 0.8998159999999997, 0.899402, 0.899686], "0.35": [0.018182, 0.030019999999999998, 0.069884, 0.37301199999999995, 0.687134, 0.7769959999999999, 0.8268579999999999, 0.855562, 0.8736559999999999, 0.88362, 0.8898539999999998, 0.894472, 0.8962759999999999, 0.8977080000000001, 0.8987659999999998, 0.898932, 0.8989380000000001, 0.899482, 0.8996999999999999, 0.8987620000000001, 0.8995259999999999], "0.4": [0.022662000000000005, 0.042966000000000004, 0.152982, 0.5735300000000001, 0.724606, 0.794166, 0.83724, 0.8608680000000001, 0.876252, 0.8859579999999998, 0.891606, 0.8945779999999999, 0.8963139999999999, 0.8976679999999999, 0.8993119999999999, 0.8991399999999998, 0.8998919999999999, 0.8994620000000001, 0.8992580000000001, 0.9001159999999999, 0.8996859999999998], "0.45": [0.033844000000000006, 0.09127400000000002, 0.418082, 0.656486, 0.752962, 0.8097699999999999, 0.8447340000000001, 0.865606, 0.879212, 0.8872519999999998, 0.8921340000000001, 0.89518, 0.8969220000000001, 0.8973620000000001, 0.89859, 0.8989999999999999, 0.8992640000000001, 0.8998120000000001, 0.89982, 0.9000220000000002, 0.900192], "0.5": [0.06275400000000002, 0.29549999999999993, 0.589232, 0.70273, 0.7752, 0.8230219999999998, 0.850988, 0.8710640000000001, 0.8825559999999999, 0.88834, 0.894288, 0.8959240000000002, 0.8978220000000001, 0.8983919999999999, 0.8987359999999999, 0.8990680000000001, 0.899646, 0.899902, 0.8990640000000001, 0.8999799999999999, 0.8998699999999998], "0.55": [0.200544, 0.511906, 0.6490279999999999, 0.7341659999999999, 0.794558, 0.832808, 0.8579119999999999, 0.8741340000000001, 0.883688, 0.889398, 0.8936759999999999, 0.8955660000000001, 0.8972960000000002, 0.8981240000000001, 0.898656, 0.89923, 0.89967, 0.8999739999999999, 0.8993819999999999, 0.899704, 0.90073], "0.6": [0.47374799999999995, 0.60132, 0.6932520000000001, 0.7622560000000002, 0.810416, 0.843442, 0.8634399999999998, 0.877818, 0.8852260000000001, 0.891286, 0.8945479999999999, 0.8964860000000001, 0.8979680000000001, 0.8989100000000001, 0.898822, 0.899276, 0.899318, 0.898716, 0.89901, 0.900428, 0.8994399999999999], "0.65": [0.5594760000000001, 0.6515740000000001, 0.7267600000000001, 0.7853420000000001, 0.825378, 0.850654, 0.869152, 0.880322, 0.8888580000000001, 0.892794, 0.8947300000000001, 0.897506, 0.897666, 0.8988700000000001, 0.8997839999999999, 0.8992779999999999, 0.8999079999999998, 0.8999660000000002, 0.8988400000000002, 0.898614, 0.8996580000000001], "0.7": [0.6194120000000001, 0.6959760000000002, 0.759196, 0.805812, 0.8388739999999999, 0.8607039999999999, 0.8756099999999999, 0.8843080000000001, 0.8899060000000002, 0.893688, 0.89548, 0.8973519999999999, 0.8976480000000001, 0.898574, 0.8998900000000001, 0.899508, 0.899284, 0.8992260000000001, 0.9000040000000001, 0.8991179999999999, 0.9003759999999998], "0.75": [0.6703439999999999, 0.736104, 0.7860719999999999, 0.8237680000000001, 0.851224, 0.8682380000000001, 0.8802359999999999, 0.888014, 0.8921759999999999, 0.894566, 0.8965219999999999, 0.8975540000000001, 0.8987199999999999, 0.8985339999999999, 0.899046, 0.8998999999999999, 0.9000699999999998, 0.900042, 0.8998120000000001, 0.8999539999999999, 0.8998280000000001], "0.8": [0.7182200000000001, 0.7706160000000001, 0.8107859999999999, 0.8415259999999999, 0.861828, 0.87454, 0.8837379999999999, 0.8902820000000001, 0.8942640000000001, 0.895938, 0.897312, 0.897764, 0.899646, 0.8988239999999998, 0.89902, 0.899714, 0.899926, 0.8999379999999998, 0.9002459999999999, 0.8996579999999998, 0.9006000000000001], "0.85": [0.765088, 0.804928, 0.835694, 0.8573999999999998, 0.8715959999999998, 0.8818400000000001, 0.8885179999999998, 0.8922420000000001, 0.8953679999999999, 0.896954, 0.89823, 0.897988, 0.898312, 0.899804, 0.900388, 0.899314, 0.89998, 0.899758, 0.899002, 0.899278, 0.9006219999999999], "0.9": [0.8107420000000001, 0.8373940000000001, 0.8574199999999998, 0.8720739999999999, 0.8816059999999999, 0.889608, 0.8930380000000001, 0.8962859999999999, 0.8972479999999998, 0.8984599999999999, 0.898306, 0.8991840000000001, 0.8990600000000001, 0.898952, 0.8994219999999999, 0.8994220000000002, 0.89986, 0.899608, 0.899352, 0.899982, 0.899728], "0.95": [0.85418, 0.870164, 0.879476, 0.886108, 0.8905239999999999, 0.893634, 0.8958799999999999, 0.897526, 0.8987539999999999, 0.899092, 0.8992319999999999, 0.8996799999999999, 0.8998659999999999, 0.9000279999999999, 0.8998520000000001, 0.8995440000000001, 0.900034, 0.899466, 0.89964, 0.899726, 0.899806], "1.0": [0.8998519999999999, 0.898984, 0.8997160000000001, 0.8993099999999999, 0.89953, 0.8999640000000001, 0.899346, 0.9000100000000001, 0.899178, 0.898964, 0.89999, 0.9001439999999999, 0.899296, 0.9002940000000001, 0.9006000000000001, 0.899946, 0.899288, 0.8999900000000001, 0.900218, 0.899592, 0.899718]}