{"0.0": [0.009034, 0.010536, 0.013236, 0.018517999999999996, 0.02818, 0.071972, 0.459028, 0.7872520000000001, 0.842398, 0.8675419999999999, 0.881934, 0.8890419999999999, 0.89329, 0.8957339999999999, 0.897426, 0.8989240000000003, 0.8985699999999999, 0.898596, 0.8997499999999999, 0.899158, 0.8994979999999999], "0.05": [0.009516, 0.011488, 0.014485999999999999, 0.021283999999999997, 0.034706, 0.102088, 0.644864, 0.801236, 0.8492859999999999, 0.8715040000000001, 0.8832300000000001, 0.890424, 0.89424, 0.8954499999999999, 0.8973859999999999, 0.8981879999999998, 0.898784, 0.89886, 0.898716, 0.899628, 0.8995860000000002], "0.1": [0.010068, 0.012484000000000002, 0.01619, 0.025124, 0.04849200000000001, 0.243558, 0.7212639999999999, 0.8168599999999998, 0.855506, 0.8745719999999999, 0.884458, 0.891756, 0.89414, 0.89658, 0.89807, 0.8978440000000001, 0.8998740000000001, 0.8995099999999999, 0.8993799999999998, 0.899802, 0.899638], "0.15": [0.010853999999999999, 0.013349999999999999, 0.018734, 0.032176, 0.070448, 0.47284000000000004, 0.764838, 0.8272459999999999, 0.8590559999999998, 0.8760940000000003, 0.885308, 0.891646, 0.8942140000000001, 0.896242, 0.8975280000000001, 0.8989320000000001, 0.8994519999999998, 0.8995800000000002, 0.9003239999999999, 0.898914, 0.8996660000000002], "0.2": [0.011995999999999998, 0.015277999999999996, 0.022718000000000002, 0.039192, 0.145958, 0.6647200000000001, 0.7855979999999999, 0.8355680000000001, 0.862954, 0.8776119999999998, 0.8863840000000001, 0.892328, 0.8950440000000001, 0.896732, 0.8984280000000001, 0.8988900000000002, 0.8988740000000002, 0.8996179999999999, 0.8996020000000001, 0.8995020000000001, 0.8999759999999999], "0.25": [0.013103999999999998, 0.017884, 0.028949999999999997, 0.06120000000000001, 0.36903400000000003, 0.716736, 0.80072, 0.8434900000000001, 0.866738, 0.880234, 0.8880880000000001, 0.8932039999999999, 0.8959299999999999, 0.89701, 0.8986000000000002, 0.8990300000000001, 0.900036, 0.899044, 0.899392, 0.8999299999999999, 0.9004079999999999], "0.3": [0.01517, 0.022344, 0.04215800000000001, 0.12873400000000002, 0.593932, 0.7508060000000002, 0.816552, 0.8517180000000001, 0.8709640000000002, 0.882922, 0.890024, 0.89283, 0.8958400000000001, 0.8974639999999999, 0.8975140000000001, 0.8984159999999999, 0.899786, 0.899874, 0.899722, 0.8996200000000001, 0.8996179999999999], "0.35": [0.01823, 0.029136000000000006, 0.077432, 0.36722, 0.6788200000000001, 0.7758539999999999, 0.8263539999999999, 0.8567239999999999, 0.8739299999999999, 0.8838659999999998, 0.8910899999999999, 0.8932280000000001, 0.896094, 0.8970980000000001, 0.897954, 0.8989779999999999, 0.8993160000000002, 0.8998, 0.9009579999999999, 0.8995960000000001, 0.9003519999999999], "0.4": [0.02352, 0.04371799999999999, 0.16531600000000002, 0.58687, 0.722918, 0.7939019999999999, 0.8370820000000001, 0.861808, 0.8768379999999999, 0.8864779999999999, 0.8915579999999999, 0.8954100000000002, 0.89676, 0.898534, 0.8989859999999998, 0.89859, 0.8990700000000001, 0.9002179999999999, 0.899714, 0.899688, 0.899704], "0.45": [0.034232, 0.090758, 0.45343999999999995, 0.65488, 0.7524940000000001, 0.809708, 0.8436759999999999, 0.866056, 0.8798279999999999, 0.88653, 0.8918540000000001, 0.8954179999999999, 0.8972940000000001, 0.8979940000000001, 0.8989880000000001, 0.8983240000000001, 0.8995299999999999, 0.8998539999999999, 0.8994420000000001, 0.9001399999999998, 0.9000099999999999], "0.5": [0.065986, 0.28056800000000004, 0.587978, 0.7025960000000001, 0.7765020000000001, 0.8219500000000001, 0.8522340000000002, 0.869892, 0.8811580000000001, 0.88876, 0.8936739999999999, 0.894918, 0.8977080000000001, 0.8985220000000002, 0.897538, 0.8990779999999999, 0.8993899999999999, 0.8990959999999998, 0.900158, 0.9007259999999999, 0.8992399999999999], "0.55": [0.173934, 0.522354, 0.65101, 0.735518, 0.794742, 0.833054, 0.8585259999999998, 0.8751759999999998, 0.8844780000000001, 0.890952, 0.8935799999999999, 0.896714, 0.897106, 0.8978480000000001, 0.8987860000000001, 0.8994939999999998, 0.900076, 0.899356, 0.900196, 0.8994240000000001, 0.8993379999999999], "0.6": [0.466254, 0.60126, 0.692432, 0.761032, 0.8104439999999998, 0.8441239999999999, 0.8641400000000001, 0.877196, 0.8857199999999998, 0.891434, 0.8943180000000001, 0.896658, 0.8974000000000001, 0.898416, 0.898688, 0.898984, 0.8994200000000001, 0.8999700000000002, 0.899762, 0.8991179999999999, 0.8999240000000001], "0.65": [0.5593379999999999, 0.6530839999999999, 0.7277780000000001, 0.78526, 0.8245619999999999, 0.853464, 0.8699659999999999, 0.8811199999999999, 0.8875940000000001, 0.8929579999999998, 0.895056, 0.8975659999999999, 0.8977799999999999, 0.8988440000000001, 0.8988780000000002, 0.8990879999999999, 0.8989499999999999, 0.8992179999999999, 0.8993519999999999, 0.9001700000000001, 0.899324], "0.7": [0.6214660000000001, 0.6966879999999999, 0.7594560000000001, 0.805216, 0.8386120000000001, 0.8614440000000002, 0.875146, 0.8845059999999999, 0.8904179999999999, 0.8935619999999999, 0.8958999999999999, 0.897466, 0.898934, 0.8993499999999999, 0.8995679999999999, 0.899524, 0.8993899999999998, 0.900218, 0.899438, 0.8999499999999999, 0.900254], "0.75": [0.6705020000000002, 0.735714, 0.786114, 0.8245840000000001, 0.849418, 0.8682880000000001, 0.8800699999999999, 0.8873820000000001, 0.89168, 0.8947759999999999, 0.897204, 0.8967939999999999, 0.8982199999999999, 0.899692, 0.8986520000000001, 0.8996000000000001, 0.8996540000000001, 0.8995539999999999, 0.8999119999999999, 0.89944, 0.9001619999999998], "0.8": [0.7168940000000003, 0.7709540000000001, 0.8126200000000001, 0.8416, 0.86092, 0.87607, 0.884358, 0.8899320000000001, 0.8931399999999999, 0.8957259999999999, 0.89735, 0.898198, 0.899182, 0.899474, 0.8997199999999999, 0.8996580000000001, 0.898738, 0.8995240000000001, 0.8996679999999999, 0.8994439999999999, 0.9000099999999999], "0.85": [0.765668, 0.8050800000000001, 0.836028, 0.856812, 0.873018, 0.882242, 0.889062, 0.8924160000000001, 0.895532, 0.896422, 0.897994, 0.8983999999999999, 0.89909, 0.899632, 0.8995799999999999, 0.8999159999999999, 0.8999679999999999, 0.8986700000000001, 0.89943, 0.8995640000000001, 0.8996999999999999], "0.9": [0.8103959999999999, 0.837332, 0.85918, 0.8730840000000001, 0.881304, 0.888836, 0.8930640000000001, 0.8950100000000001, 0.896926, 0.8989860000000001, 0.898738, 0.8995020000000001, 0.899628, 0.8993099999999999, 0.89974, 0.89956, 0.8994639999999999, 0.8995960000000001, 0.899532, 0.899594, 0.8995839999999999], "0.95": [0.854622, 0.8687860000000001, 0.8789100000000002, 0.8868659999999999, 0.8915040000000001, 0.894392, 0.8968419999999999, 0.89741, 0.8984479999999999, 0.898816, 0.8996500000000001, 0.899512, 0.899816, 0.899984, 0.9000160000000001, 0.8993300000000002, 0.899684, 0.899806, 0.89983, 0.8998599999999999, 0.900532], "1.0": [0.900462, 0.8989440000000001, 0.8991859999999999, 0.898844, 0.899918, 0.900376, 0.899768, 0.9000440000000001, 0.899094, 0.9004060000000002, 0.900072, 0.8990659999999999, 0.8999480000000001, 0.8994359999999999, 0.9000140000000002, 0.8997000000000002, 0.899556, 0.899456, 0.9000839999999998, 0.8998839999999998, 0.9002880000000001]}