{"0.0": [0.00903, 0.010590000000000002, 0.013603999999999998, 0.018656, 0.027858, 0.063232, 0.45803, 0.7828800000000001, 0.844028, 0.8684660000000001, 0.882304, 0.8893800000000001, 0.893588, 0.8959100000000001, 0.897044, 0.8992179999999999, 0.898764, 0.8990340000000002, 0.899362, 0.8995299999999999, 0.900374], "0.05": [0.009509999999999998, 0.011472000000000003, 0.014792000000000001, 0.020250000000000004, 0.035956, 0.102644, 0.649168, 0.8028680000000001, 0.84882, 0.8713480000000001, 0.88287, 0.8902680000000001, 0.894494, 0.896054, 0.8975360000000001, 0.8987999999999999, 0.8990119999999999, 0.8992039999999999, 0.8991060000000001, 0.8996200000000002, 0.89928], "0.1": [0.010147999999999999, 0.012479999999999998, 0.01634, 0.02558, 0.046135999999999996, 0.20814600000000003, 0.72962, 0.817828, 0.8538639999999998, 0.8741819999999998, 0.884086, 0.890894, 0.8948940000000001, 0.8963080000000001, 0.8980499999999999, 0.8986540000000001, 0.89905, 0.8999299999999999, 0.8998, 0.900318, 0.8996360000000001], "0.15": [0.010827999999999999, 0.013958, 0.018510000000000002, 0.030514, 0.07067999999999999, 0.4676639999999999, 0.765472, 0.82636, 0.8596180000000001, 0.876688, 0.885116, 0.8919560000000001, 0.8947660000000001, 0.895696, 0.8977680000000001, 0.8989879999999999, 0.898152, 0.8995259999999999, 0.9002119999999999, 0.8990859999999999, 0.8990100000000001], "0.2": [0.011773999999999998, 0.015804000000000002, 0.023022, 0.042244000000000004, 0.14726, 0.650638, 0.787004, 0.8370299999999999, 0.8631540000000001, 0.8791539999999999, 0.8870799999999999, 0.8927620000000001, 0.8954920000000002, 0.896868, 0.8979600000000001, 0.8984039999999999, 0.8992619999999999, 0.9000840000000001, 0.8992180000000001, 0.8994359999999999, 0.899906], "0.25": [0.0133, 0.017745999999999998, 0.029354, 0.06696200000000001, 0.344978, 0.7182580000000001, 0.802056, 0.84442, 0.8676719999999999, 0.88022, 0.888138, 0.8926440000000001, 0.8945100000000002, 0.89723, 0.8983200000000001, 0.8984780000000001, 0.899384, 0.89943, 0.8987300000000001, 0.900198, 0.9006020000000001], "0.3": [0.014876, 0.022088000000000007, 0.04047799999999999, 0.11926600000000001, 0.5885020000000001, 0.7502400000000001, 0.8148799999999998, 0.8505859999999998, 0.871942, 0.881408, 0.8889939999999998, 0.893982, 0.8959619999999999, 0.8978379999999998, 0.897722, 0.8988260000000001, 0.8990799999999999, 0.8998960000000001, 0.899606, 0.9003100000000002, 0.8994239999999999], "0.35": [0.018622, 0.02965, 0.06331200000000001, 0.350366, 0.6806800000000002, 0.7767020000000001, 0.8272539999999999, 0.8563500000000001, 0.874094, 0.884086, 0.889902, 0.894792, 0.895608, 0.897586, 0.8980360000000001, 0.899594, 0.9000199999999999, 0.8988419999999999, 0.8990640000000001, 0.89974, 0.8997760000000002], "0.4": [0.023098, 0.044011999999999996, 0.162298, 0.568348, 0.7189519999999999, 0.794828, 0.8369240000000001, 0.8616419999999999, 0.8772439999999999, 0.885946, 0.8913620000000002, 0.89451, 0.8972580000000001, 0.8970619999999999, 0.8985199999999999, 0.89968, 0.8994620000000001, 0.89999, 0.8988339999999998, 0.899924, 0.900154], "0.45": [0.031566000000000004, 0.08811200000000001, 0.41857, 0.661732, 0.7516839999999999, 0.8106960000000001, 0.8453700000000001, 0.8653919999999999, 0.8790899999999999, 0.8869500000000001, 0.8918639999999999, 0.895008, 0.895978, 0.898262, 0.899012, 0.8986120000000001, 0.8998820000000001, 0.8991420000000001, 0.899882, 0.899946, 0.8993440000000001], "0.5": [0.058868000000000004, 0.305226, 0.587988, 0.7005640000000001, 0.7751299999999999, 0.822886, 0.8515299999999999, 0.870356, 0.8820999999999999, 0.8891499999999999, 0.8925019999999999, 0.895238, 0.897026, 0.8984619999999999, 0.898926, 0.8987479999999998, 0.89982, 0.899486, 0.8998120000000001, 0.89932, 0.8993160000000002], "0.55": [0.209116, 0.5086299999999999, 0.6498419999999999, 0.734918, 0.7936319999999999, 0.8338899999999999, 0.857458, 0.8741620000000002, 0.883632, 0.890108, 0.8935980000000001, 0.895788, 0.897936, 0.8989020000000001, 0.898844, 0.8996980000000002, 0.899494, 0.900156, 0.89964, 0.900086, 0.900204], "0.6": [0.479986, 0.5997399999999999, 0.6923140000000001, 0.7621480000000002, 0.8108399999999999, 0.842572, 0.865214, 0.878272, 0.886922, 0.8917539999999999, 0.8948160000000001, 0.8968839999999999, 0.8982539999999999, 0.8987440000000002, 0.898858, 0.89981, 0.8994460000000001, 0.8993559999999999, 0.899364, 0.8995199999999999, 0.9001], "0.65": [0.561854, 0.653222, 0.7274259999999999, 0.7847180000000001, 0.825134, 0.852842, 0.8697539999999999, 0.881188, 0.8887939999999999, 0.8927419999999999, 0.8953339999999999, 0.896886, 0.8974480000000002, 0.898492, 0.89842, 0.8994459999999997, 0.9002119999999999, 0.899154, 0.899948, 0.8998559999999999, 0.899708], "0.7": [0.6206240000000001, 0.694636, 0.7582479999999999, 0.805812, 0.839132, 0.860228, 0.8751140000000001, 0.8836419999999999, 0.8901319999999999, 0.8930400000000001, 0.8956280000000001, 0.8979900000000002, 0.8984580000000001, 0.8992920000000001, 0.8993000000000001, 0.90008, 0.8991579999999999, 0.899836, 0.899398, 0.899674, 0.899438], "0.75": [0.6699379999999998, 0.7338819999999999, 0.7866219999999999, 0.8252640000000001, 0.85106, 0.867724, 0.879338, 0.8868940000000001, 0.89241, 0.8949660000000002, 0.8967040000000001, 0.8979819999999998, 0.8990739999999998, 0.8987520000000001, 0.8997360000000002, 0.899132, 0.8983100000000002, 0.900664, 0.9002520000000002, 0.8997280000000001, 0.900108], "0.8": [0.7180759999999999, 0.7711680000000001, 0.8120060000000001, 0.8421120000000001, 0.8607140000000001, 0.876156, 0.8836400000000001, 0.8893420000000001, 0.8932380000000001, 0.896398, 0.897328, 0.898074, 0.8984260000000001, 0.8991700000000001, 0.899192, 0.8998719999999999, 0.89994, 0.9004659999999999, 0.8994719999999999, 0.900184, 0.8998820000000001], "0.85": [0.76535, 0.8054359999999999, 0.835732, 0.8574199999999998, 0.871844, 0.882124, 0.8895560000000002, 0.8927280000000001, 0.8953560000000002, 0.8973920000000001, 0.8982140000000001, 0.8984620000000001, 0.8993100000000002, 0.89948, 0.8995780000000001, 0.900916, 0.899592, 0.89967, 0.8998540000000002, 0.9003699999999999, 0.8999320000000001], "0.9": [0.809516, 0.8374019999999999, 0.858748, 0.872334, 0.8818119999999999, 0.8878119999999999, 0.8930419999999999, 0.8950159999999999, 0.896842, 0.897598, 0.8992799999999999, 0.8983179999999998, 0.898038, 0.8996, 0.899204, 0.899924, 0.899752, 0.8998140000000001, 0.9000460000000001, 0.899526, 0.899412], "0.95": [0.8554219999999999, 0.8695900000000001, 0.880162, 0.885746, 0.890662, 0.894152, 0.8951660000000001, 0.8970659999999998, 0.8982779999999999, 0.8994179999999998, 0.8986460000000001, 0.8999300000000001, 0.8995019999999999, 0.8994500000000001, 0.8991219999999999, 0.9003219999999998, 0.8998380000000001, 0.9001899999999999, 0.8996279999999999, 0.900036, 0.8995019999999999], "1.0": [0.9, 0.8999320000000001, 0.8998900000000001, 0.9002120000000001, 0.899912, 0.900264, 0.899016, 0.8992140000000001, 0.899704, 0.8994380000000001, 0.8996540000000001, 0.89955, 0.900138, 0.89934, 0.900472, 0.8997640000000001, 0.8994859999999999, 0.899494, 0.8993180000000001, 0.8994080000000002, 0.899796]}