{"0.0": [0.00899, 0.010578, 0.013111999999999999, 0.018402, 0.028266000000000003, 0.062514, 0.454714, 0.7823340000000002, 0.8406180000000001, 0.8688379999999999, 0.881862, 0.8887599999999999, 0.892722, 0.8963739999999999, 0.8976459999999998, 0.897902, 0.8983900000000001, 0.899234, 0.8995519999999999, 0.899844, 0.9002399999999998], "0.05": [0.009434, 0.011165999999999999, 0.014496, 0.021236, 0.035388, 0.112882, 0.6487940000000001, 0.8029600000000001, 0.850184, 0.8716060000000002, 0.8825919999999999, 0.889442, 0.8933639999999999, 0.897012, 0.8964659999999999, 0.8978879999999999, 0.9000000000000001, 0.89881, 0.8994399999999999, 0.8999719999999999, 0.900028], "0.1": [0.0101, 0.012303999999999997, 0.016517999999999998, 0.024612, 0.047043999999999996, 0.255044, 0.728672, 0.818806, 0.8531860000000002, 0.8731359999999998, 0.8842160000000001, 0.8892739999999999, 0.893668, 0.8964080000000001, 0.897186, 0.898336, 0.899518, 0.9000279999999999, 0.89948, 0.8990720000000002, 0.8998939999999999], "0.15": [0.010752000000000001, 0.01376, 0.018774, 0.031939999999999996, 0.07241, 0.48151399999999994, 0.7634059999999999, 0.8287340000000001, 0.8597140000000002, 0.87631, 0.8860439999999999, 0.891238, 0.8947000000000002, 0.8971519999999998, 0.8976040000000001, 0.8987740000000001, 0.8999400000000002, 0.8993100000000002, 0.8995359999999999, 0.89953, 0.9005340000000001], "0.2": [0.011914000000000001, 0.015608, 0.021644, 0.037704, 0.150096, 0.663308, 0.7868940000000001, 0.8364779999999999, 0.8631320000000001, 0.878298, 0.8862899999999999, 0.8921439999999999, 0.893736, 0.8971720000000001, 0.8978440000000001, 0.8982920000000001, 0.899402, 0.899728, 0.899804, 0.8998719999999999, 0.89969], "0.25": [0.013052, 0.017728, 0.029478, 0.06812199999999999, 0.380006, 0.7199, 0.8031099999999999, 0.8439500000000001, 0.86586, 0.880668, 0.88839, 0.8930800000000001, 0.8954080000000001, 0.8972539999999999, 0.8985879999999998, 0.898564, 0.89893, 0.900008, 0.8989619999999999, 0.900102, 0.899134], "0.3": [0.015314000000000001, 0.022423999999999996, 0.036932, 0.121316, 0.5937779999999999, 0.7516899999999999, 0.8150839999999999, 0.849882, 0.869804, 0.882452, 0.8892779999999999, 0.89345, 0.896594, 0.89656, 0.8979759999999999, 0.898942, 0.900034, 0.8991100000000002, 0.899426, 0.899332, 0.8991720000000001], "0.35": [0.018258, 0.02794, 0.06161799999999999, 0.33472199999999996, 0.6754399999999999, 0.7758039999999999, 0.8282399999999999, 0.8564160000000001, 0.8738040000000001, 0.884406, 0.890026, 0.8931679999999999, 0.8954860000000001, 0.8979320000000002, 0.897506, 0.8993899999999999, 0.898728, 0.8991259999999999, 0.900108, 0.900474, 0.898956], "0.4": [0.022926000000000002, 0.043596, 0.17072800000000005, 0.583018, 0.723772, 0.7934019999999999, 0.837226, 0.861896, 0.876642, 0.8848980000000001, 0.8905, 0.8942239999999999, 0.89688, 0.897306, 0.898428, 0.897852, 0.898934, 0.899038, 0.899816, 0.9000140000000001, 0.899964], "0.45": [0.033734, 0.09253200000000002, 0.414756, 0.6607219999999999, 0.7522439999999999, 0.809872, 0.8459779999999999, 0.8665080000000001, 0.879406, 0.8880800000000001, 0.8919279999999999, 0.8956219999999999, 0.8973779999999999, 0.8979180000000001, 0.899114, 0.8987339999999999, 0.8994319999999999, 0.9004340000000001, 0.899796, 0.8996379999999999, 0.899712], "0.5": [0.064212, 0.269774, 0.589356, 0.7014699999999999, 0.7750820000000002, 0.8219400000000001, 0.852042, 0.8700819999999999, 0.8814240000000001, 0.8889199999999999, 0.89229, 0.8963519999999999, 0.896982, 0.8979759999999999, 0.8986839999999999, 0.899086, 0.8999940000000001, 0.8997900000000001, 0.89944, 0.8996000000000001, 0.8999320000000001], "0.55": [0.21155800000000002, 0.523298, 0.6487700000000001, 0.73777, 0.7943620000000001, 0.8329099999999999, 0.8585860000000001, 0.87345, 0.883786, 0.8903160000000001, 0.8933999999999999, 0.8961100000000002, 0.8972019999999999, 0.8976080000000001, 0.899208, 0.8994500000000001, 0.8988180000000001, 0.899598, 0.899978, 0.899474, 0.899598], "0.6": [0.476244, 0.600098, 0.694036, 0.7615080000000002, 0.8097399999999999, 0.843016, 0.8644300000000001, 0.8777399999999999, 0.885964, 0.890848, 0.89472, 0.8973200000000001, 0.89767, 0.8984519999999999, 0.899324, 0.899562, 0.899696, 0.899178, 0.900292, 0.9000979999999998, 0.8991799999999999], "0.65": [0.561272, 0.653216, 0.727728, 0.7849499999999999, 0.825788, 0.8514399999999998, 0.871464, 0.881642, 0.8877260000000001, 0.892516, 0.89558, 0.8970560000000002, 0.8974820000000001, 0.898366, 0.8990400000000001, 0.8991040000000001, 0.8997360000000001, 0.8991539999999999, 0.899944, 0.900018, 0.8995899999999999], "0.7": [0.620608, 0.6967160000000001, 0.7560539999999999, 0.805614, 0.837604, 0.8611560000000001, 0.875108, 0.88499, 0.8903699999999998, 0.8937840000000001, 0.8958780000000001, 0.8975279999999999, 0.8990319999999999, 0.899292, 0.8997839999999999, 0.8993659999999999, 0.8998679999999999, 0.899634, 0.8997160000000001, 0.8988700000000001, 0.9004499999999999], "0.75": [0.670456, 0.7355440000000002, 0.7850300000000001, 0.8240659999999999, 0.8500759999999999, 0.8687660000000001, 0.8801079999999999, 0.887792, 0.89215, 0.895348, 0.8972619999999999, 0.8973759999999998, 0.8985319999999999, 0.899192, 0.898924, 0.899518, 0.8995780000000001, 0.900708, 0.8994199999999999, 0.89992, 0.8997200000000001], "0.8": [0.7171120000000001, 0.7715000000000001, 0.811224, 0.8408500000000001, 0.8616940000000001, 0.8751819999999999, 0.8848300000000002, 0.890232, 0.894096, 0.8960379999999999, 0.8972239999999999, 0.898818, 0.8980419999999999, 0.8981940000000002, 0.899234, 0.8987339999999999, 0.9000579999999999, 0.8990980000000001, 0.899988, 0.899354, 0.899636], "0.85": [0.7651000000000002, 0.8051060000000001, 0.8361980000000001, 0.85775, 0.872004, 0.882038, 0.8883880000000001, 0.89275, 0.895588, 0.8959980000000001, 0.897948, 0.8991119999999999, 0.8991919999999998, 0.899042, 0.899414, 0.9000540000000001, 0.8992520000000002, 0.899554, 0.89854, 0.900266, 0.89937], "0.9": [0.809834, 0.8373919999999999, 0.858206, 0.8726639999999999, 0.88184, 0.8877520000000001, 0.8928160000000002, 0.894898, 0.896682, 0.8979, 0.8977139999999999, 0.8988379999999999, 0.8999039999999999, 0.8994659999999999, 0.8996460000000001, 0.8998740000000001, 0.8994540000000001, 0.9003739999999999, 0.9000360000000001, 0.8995780000000001, 0.9002720000000001], "0.95": [0.8550239999999999, 0.8685700000000002, 0.8806320000000001, 0.8854740000000001, 0.89193, 0.8948480000000001, 0.8965319999999999, 0.897868, 0.8982060000000002, 0.898614, 0.8980879999999999, 0.898822, 0.9001240000000001, 0.8994640000000002, 0.899366, 0.9007679999999999, 0.9001700000000001, 0.9006320000000001, 0.8999940000000001, 0.8999380000000001, 0.8994059999999999], "1.0": [0.900158, 0.8984180000000002, 0.900254, 0.8998259999999999, 0.8997059999999999, 0.900506, 0.8994319999999999, 0.8997180000000001, 0.9000119999999999, 0.898966, 0.899372, 0.8996319999999999, 0.899804, 0.9002579999999999, 0.899556, 0.899504, 0.8995139999999999, 0.899274, 0.8998359999999999, 0.8993539999999999, 0.9000859999999998]}