{"0.0": [0.009018, 0.010762, 0.013422, 0.01829, 0.029990000000000003, 0.07369, 0.5027240000000001, 0.7856859999999999, 0.8421339999999999, 0.867376, 0.8827900000000001, 0.888504, 0.893626, 0.896458, 0.8974000000000001, 0.89801, 0.89787, 0.8985599999999999, 0.899024, 0.8994739999999999, 0.8989199999999999], "0.05": [0.009423999999999998, 0.011580000000000002, 0.014664, 0.020703999999999997, 0.03794, 0.11818200000000001, 0.6317780000000001, 0.8055460000000001, 0.85063, 0.870904, 0.8833799999999999, 0.89063, 0.894176, 0.895754, 0.8973019999999999, 0.8998080000000002, 0.8993800000000001, 0.8993599999999999, 0.9001520000000001, 0.8991939999999998, 0.8996580000000001], "0.1": [0.010052, 0.012436000000000001, 0.016133999999999996, 0.026062, 0.048272, 0.20389999999999997, 0.7216440000000002, 0.8167660000000001, 0.855462, 0.874026, 0.8842239999999998, 0.8905299999999998, 0.8952120000000002, 0.896062, 0.897982, 0.8984920000000001, 0.898406, 0.8990779999999999, 0.8997799999999999, 0.9006020000000001, 0.9000520000000002], "0.15": [0.010841999999999997, 0.014114, 0.018406, 0.031268, 0.07198999999999998, 0.48434799999999995, 0.765658, 0.8276400000000002, 0.8594040000000003, 0.876568, 0.8857260000000001, 0.8925359999999999, 0.894522, 0.8971219999999999, 0.8979199999999998, 0.8977180000000001, 0.8995720000000001, 0.899636, 0.899552, 0.8999039999999999, 0.8994500000000001], "0.2": [0.01188, 0.015523999999999998, 0.022232, 0.041374, 0.15074400000000002, 0.659568, 0.784032, 0.83825, 0.8633460000000001, 0.877868, 0.8866980000000001, 0.892118, 0.8950840000000001, 0.8957879999999999, 0.897776, 0.899328, 0.89842, 0.8991959999999999, 0.8994540000000002, 0.899918, 0.89999], "0.25": [0.013184, 0.017811999999999998, 0.028742000000000004, 0.068586, 0.383932, 0.716678, 0.8025920000000001, 0.84346, 0.8677300000000001, 0.8809699999999999, 0.8882619999999999, 0.892822, 0.8960819999999998, 0.897168, 0.8977200000000001, 0.8991840000000001, 0.8996259999999999, 0.8992599999999998, 0.90006, 0.8985460000000001, 0.9003279999999999], "0.3": [0.014903999999999999, 0.021323999999999996, 0.038066, 0.146436, 0.596666, 0.7542359999999999, 0.8165780000000001, 0.851202, 0.870136, 0.8821460000000001, 0.88834, 0.8938859999999998, 0.89536, 0.8972179999999998, 0.8990940000000001, 0.8993479999999999, 0.8989739999999999, 0.900346, 0.89952, 0.900204, 0.899648], "0.35": [0.018466, 0.028663999999999995, 0.06831200000000001, 0.3323660000000001, 0.675328, 0.7761500000000001, 0.8271080000000001, 0.8567260000000002, 0.8743739999999999, 0.884368, 0.8905080000000001, 0.893546, 0.8962819999999999, 0.8978040000000002, 0.898344, 0.8983199999999999, 0.899546, 0.8994920000000002, 0.8997019999999999, 0.899508, 0.8994219999999999], "0.4": [0.023264, 0.042598, 0.165452, 0.568464, 0.723816, 0.7945660000000001, 0.8374159999999999, 0.861394, 0.8766660000000001, 0.8860379999999999, 0.8911579999999999, 0.894096, 0.89679, 0.897526, 0.8985500000000001, 0.8995859999999999, 0.89981, 0.899522, 0.900302, 0.8997959999999999, 0.899548], "0.45": [0.033594000000000006, 0.08379000000000002, 0.4138339999999999, 0.6600820000000001, 0.7535359999999999, 0.808762, 0.8441579999999999, 0.8656880000000001, 0.8795380000000002, 0.8863639999999999, 0.8919119999999999, 0.894884, 0.896728, 0.897694, 0.89908, 0.8980680000000001, 0.9000880000000001, 0.899452, 0.89983, 0.8996919999999998, 0.8993059999999999], "0.5": [0.065844, 0.31363199999999997, 0.585972, 0.7026420000000002, 0.7752179999999999, 0.8215600000000001, 0.8513080000000001, 0.8701779999999999, 0.8808959999999999, 0.8893040000000001, 0.8933559999999998, 0.8952460000000001, 0.89705, 0.897942, 0.89877, 0.9002500000000001, 0.8989440000000001, 0.899394, 0.89904, 0.8998519999999999, 0.8999119999999999], "0.55": [0.19323800000000002, 0.5263939999999999, 0.652002, 0.7346180000000001, 0.7926720000000002, 0.834414, 0.8588199999999999, 0.873336, 0.8836959999999999, 0.8891939999999999, 0.894248, 0.896694, 0.8975759999999999, 0.89819, 0.8984920000000001, 0.899522, 0.8993439999999999, 0.89947, 0.8994559999999998, 0.8995460000000002, 0.899528], "0.6": [0.47148799999999996, 0.604598, 0.6939080000000001, 0.7629640000000002, 0.810402, 0.8423860000000001, 0.863824, 0.8777860000000001, 0.88634, 0.891972, 0.894568, 0.8967860000000001, 0.8978800000000001, 0.898698, 0.899114, 0.8991819999999998, 0.899794, 0.8993579999999999, 0.9002740000000001, 0.89949, 0.900368], "0.65": [0.5623400000000001, 0.65256, 0.7286139999999999, 0.7859280000000001, 0.82512, 0.852488, 0.870626, 0.881074, 0.8892600000000002, 0.8927539999999999, 0.8953220000000001, 0.89762, 0.8971720000000001, 0.898694, 0.8991680000000001, 0.8991820000000001, 0.8992180000000001, 0.899398, 0.8999719999999999, 0.90039, 0.8996780000000001], "0.7": [0.6193500000000001, 0.6963159999999999, 0.758942, 0.8051039999999999, 0.8384800000000001, 0.8609359999999999, 0.8753080000000001, 0.8844240000000001, 0.889688, 0.893332, 0.896016, 0.8970940000000001, 0.898408, 0.8992080000000001, 0.898898, 0.8993759999999998, 0.899572, 0.8998320000000001, 0.899958, 0.899196, 0.8987580000000002], "0.75": [0.6707079999999999, 0.7353820000000002, 0.786318, 0.8233039999999999, 0.850574, 0.86872, 0.880346, 0.8873740000000001, 0.8917820000000001, 0.8951560000000001, 0.897146, 0.8979639999999999, 0.898144, 0.8996900000000001, 0.8992199999999998, 0.899884, 0.899686, 0.9001020000000001, 0.8995780000000001, 0.8994359999999999, 0.899954], "0.8": [0.7182419999999999, 0.77046, 0.8124899999999999, 0.8417599999999998, 0.861784, 0.875074, 0.883802, 0.8904819999999998, 0.894166, 0.89667, 0.897482, 0.897406, 0.8989039999999998, 0.8994900000000001, 0.89922, 0.89998, 0.8994739999999999, 0.900532, 0.899838, 0.900218, 0.899878], "0.85": [0.76494, 0.805, 0.8350560000000001, 0.8572379999999999, 0.8719260000000001, 0.882242, 0.888252, 0.8929220000000001, 0.8946239999999999, 0.897154, 0.8983620000000001, 0.8982000000000001, 0.899256, 0.899962, 0.9002300000000001, 0.89971, 0.9008760000000001, 0.899828, 0.899256, 0.8998580000000002, 0.8996820000000001], "0.9": [0.809458, 0.8375720000000001, 0.8591160000000001, 0.8727720000000001, 0.88176, 0.888228, 0.891844, 0.89486, 0.8970960000000001, 0.897958, 0.89852, 0.8998659999999999, 0.899718, 0.8984819999999999, 0.8995679999999999, 0.8996939999999999, 0.8999180000000001, 0.899568, 0.8997319999999999, 0.8996299999999999, 0.900662], "0.95": [0.8555740000000001, 0.868884, 0.87926, 0.8869940000000001, 0.890112, 0.8943540000000002, 0.8959, 0.8980139999999999, 0.8988300000000001, 0.899782, 0.89839, 0.8982240000000001, 0.9005200000000001, 0.89916, 0.8997980000000001, 0.899726, 0.9000819999999998, 0.8996140000000001, 0.8999380000000001, 0.9000559999999999, 0.8996559999999999], "1.0": [0.900274, 0.899354, 0.8999039999999999, 0.8996179999999999, 0.8994960000000001, 0.898722, 0.9003059999999999, 0.9002640000000001, 0.899556, 0.899392, 0.9008179999999999, 0.899872, 0.900372, 0.8995139999999999, 0.8996160000000001, 0.899714, 0.900082, 0.8994000000000001, 0.9002420000000002, 0.9001439999999999, 0.899826]}