{"0.0": [0.0, 0.0, 0.0, 0.0, 0.0, 0.0, 0.0, 0.0, 0.0, 0.0, 0.0, 0.02, 0.25999999999999995, 0.74, 0.9399999999999998, 1.0, 1.0, 1.0, 1.0, 1.0, 1.0], "0.05": [0.0, 0.0, 0.0, 0.0, 0.0, 0.0, 0.0, 0.0, 0.0, 0.0, 0.0, 0.1, 0.42000000000000004, 0.7, 1.0, 0.96, 1.0, 1.0, 1.0, 1.0, 1.0], "0.1": [0.0, 0.0, 0.0, 0.0, 0.0, 0.0, 0.0, 0.0, 0.0, 0.0, 0.0, 0.15999999999999998, 0.45999999999999996, 0.8400000000000001, 0.96, 1.0, 1.0, 1.0, 1.0, 1.0, 1.0], "0.15": [0.0, 0.0, 0.0, 0.0, 0.0, 0.0, 0.0, 0.0, 0.0, 0.0, 0.02, 0.32, 0.62, 0.9, 0.96, 1.0, 1.0, 1.0, 1.0, 1.0, 1.0], "0.2": [0.0, 0.0, 0.0, 0.0, 0.0, 0.0, 0.0, 0.0, 0.0, 0.0, 0.1, 0.32000000000000006, 0.7599999999999999, 0.9800000000000001, 1.0, 1.0, 1.0, 1.0, 1.0, 1.0, 1.0], "0.25": [0.0, 0.0, 0.0, 0.0, 0.0, 0.0, 0.0, 0.0, 0.0, 0.02, 0.16, 0.5, 0.8399999999999999, 0.9800000000000001, 1.0, 1.0, 1.0, 1.0, 1.0, 1.0, 1.0], "0.3": [0.0, 0.0, 0.0, 0.0, 0.0, 0.0, 0.0, 0.0, 0.02, 0.08, 0.32, 0.64, 0.9800000000000001, 1.0, 1.0, 1.0, 1.0, 1.0, 1.0, 1.0, 1.0], "0.35": [0.0, 0.0, 0.0, 0.0, 0.0, 0.0, 0.0, 0.0, 0.02, 0.24, 0.5, 0.76, 0.9800000000000001, 1.0, 1.0, 1.0, 1.0, 1.0, 1.0, 1.0, 1.0], "0.4": [0.0, 0.0, 0.0, 0.0, 0.0, 0.0, 0.0, 0.02, 0.12, 0.32, 0.6799999999999999, 0.8799999999999999, 0.9199999999999999, 1.0, 1.0, 1.0, 1.0, 1.0, 1.0, 1.0, 1.0], "0.45": [0.0, 0.0, 0.0, 0.0, 0.0, 0.0, 0.0, 0.06000000000000001, 0.16, 0.5, 0.68, 0.9, 0.9800000000000001, 1.0, 1.0, 1.0, 1.0, 1.0, 1.0, 1.0, 1.0], "0.5": [0.0, 0.0, 0.0, 0.0, 0.0, 0.0, 0.0, 0.16, 0.36000000000000004, 0.7600000000000001, 0.9, 0.96, 1.0, 1.0, 1.0, 1.0, 1.0, 1.0, 1.0, 1.0, 1.0], "0.55": [0.0, 0.0, 0.0, 0.0, 0.0, 0.0, 0.1, 0.22000000000000003, 0.58, 0.8400000000000001, 0.9800000000000001, 0.9800000000000001, 1.0, 1.0, 1.0, 1.0, 1.0, 1.0, 1.0, 1.0, 1.0], "0.6": [0.0, 0.0, 0.0, 0.0, 0.0, 0.02, 0.22000000000000003, 0.68, 0.78, 0.96, 1.0, 1.0, 1.0, 1.0, 1.0, 1.0, 1.0, 1.0, 1.0, 1.0, 1.0], "0.65": [0.0, 0.0, 0.0, 0.0, 0.14, 0.27999999999999997, 0.54, 0.76, 0.8800000000000001, 0.96, 1.0, 1.0, 1.0, 1.0, 1.0, 1.0, 1.0, 1.0, 1.0, 1.0, 1.0], "0.7": [0.0, 0.0, 0.02, 0.12, 0.45999999999999996, 0.5199999999999999, 0.7799999999999999, 0.96, 0.9800000000000001, 1.0, 1.0, 1.0, 1.0, 1.0, 1.0, 1.0, 1.0, 1.0, 1.0, 1.0, 1.0], "0.75": [0.0, 0.0, 0.16, 0.48, 0.78, 0.8800000000000001, 0.9399999999999998, 1.0, 1.0, 1.0, 1.0, 1.0, 1.0, 1.0, 1.0, 1.0, 1.0, 1.0, 1.0, 1.0, 1.0], "0.8": [0.13999999999999999, 0.36, 0.64, 0.96, 0.9400000000000001, 0.96, 0.9800000000000001, 1.0, 1.0, 1.0, 1.0, 1.0, 1.0, 1.0, 1.0, 1.0, 1.0, 1.0, 1.0, 1.0, 1.0], "0.85": [0.6799999999999999, 0.8800000000000001, 0.86, 0.96, 1.0, 1.0, 1.0, 1.0, 1.0, 1.0, 1.0, 1.0, 1.0, 1.0, 1.0, 1.0, 1.0, 1.0, 1.0, 1.0, 1.0], "0.9": [0.9800000000000001, 1.0, 1.0, 1.0, 1.0, 1.0, 1.0, 1.0, 1.0, 1.0, 1.0, 1.0, 1.0, 1.0, 1.0, 1.0, 1.0, 1.0, 1.0, 1.0, 1.0], "0.95": [1.0, 1.0, 1.0, 1.0, 1.0, 1.0, 1.0, 1.0, 1.0, 1.0, 1.0, 1.0, 1.0, 1.0, 1.0, 1.0, 1.0, 1.0, 1.0, 1.0, 1.0], "1.0": [1.0, 1.0, 1.0, 1.0, 1.0, 1.0, 1.0, 1.0, 1.0, 1.0, 1.0, 1.0, 1.0, 1.0, 1.0, 1.0, 1.0, 1.0, 1.0, 1.0, 1.0]}