{"0.0": [0.0, 0.0, 0.0, 0.0, 0.0, 0.0, 0.0, 0.0, 0.0, 0.0, 0.0, 0.02, 0.27999999999999997, 0.48, 0.9200000000000002, 1.0, 1.0, 1.0, 1.0, 1.0, 1.0], "0.05": [0.0, 0.0, 0.0, 0.0, 0.0, 0.0, 0.0, 0.0, 0.0, 0.0, 0.0, 0.08, 0.3, 0.76, 0.9400000000000001, 0.9800000000000001, 1.0, 1.0, 1.0, 1.0, 1.0], "0.1": [0.0, 0.0, 0.0, 0.0, 0.0, 0.0, 0.0, 0.0, 0.0, 0.0, 0.0, 0.06000000000000001, 0.4, 0.9, 0.96, 1.0, 1.0, 1.0, 1.0, 1.0, 1.0], "0.15": [0.0, 0.0, 0.0, 0.0, 0.0, 0.0, 0.0, 0.0, 0.0, 0.0, 0.02, 0.30000000000000004, 0.66, 0.9199999999999999, 0.9800000000000001, 1.0, 1.0, 1.0, 1.0, 1.0, 1.0], "0.2": [0.0, 0.0, 0.0, 0.0, 0.0, 0.0, 0.0, 0.0, 0.0, 0.0, 0.06000000000000001, 0.32, 0.74, 0.96, 0.96, 1.0, 1.0, 1.0, 1.0, 1.0, 1.0], "0.25": [0.0, 0.0, 0.0, 0.0, 0.0, 0.0, 0.0, 0.0, 0.0, 0.0, 0.18, 0.6599999999999999, 0.6599999999999999, 0.9800000000000001, 1.0, 1.0, 1.0, 1.0, 1.0, 1.0, 1.0], "0.3": [0.0, 0.0, 0.0, 0.0, 0.0, 0.0, 0.0, 0.0, 0.0, 0.13999999999999999, 0.3, 0.7, 0.86, 1.0, 1.0, 0.9800000000000001, 1.0, 1.0, 1.0, 1.0, 1.0], "0.35": [0.0, 0.0, 0.0, 0.0, 0.0, 0.0, 0.0, 0.02, 0.02, 0.15999999999999998, 0.38, 0.8400000000000001, 0.9800000000000001, 0.9800000000000001, 1.0, 1.0, 1.0, 1.0, 1.0, 1.0, 1.0], "0.4": [0.0, 0.0, 0.0, 0.0, 0.0, 0.0, 0.0, 0.0, 0.1, 0.3, 0.6399999999999999, 0.8400000000000001, 0.96, 1.0, 0.9800000000000001, 1.0, 1.0, 1.0, 1.0, 1.0, 1.0], "0.45": [0.0, 0.0, 0.0, 0.0, 0.0, 0.0, 0.0, 0.06000000000000001, 0.13999999999999999, 0.5800000000000001, 0.8400000000000001, 0.9, 0.9800000000000001, 1.0, 1.0, 1.0, 1.0, 1.0, 1.0, 1.0, 1.0], "0.5": [0.0, 0.0, 0.0, 0.0, 0.0, 0.0, 0.02, 0.12000000000000002, 0.45999999999999996, 0.7, 0.86, 1.0, 1.0, 1.0, 1.0, 1.0, 1.0, 1.0, 1.0, 1.0, 1.0], "0.55": [0.0, 0.0, 0.0, 0.0, 0.0, 0.0, 0.08, 0.34, 0.68, 0.8400000000000001, 0.9199999999999999, 0.9800000000000001, 0.9800000000000001, 1.0, 1.0, 1.0, 1.0, 1.0, 1.0, 1.0, 1.0], "0.6": [0.0, 0.0, 0.0, 0.0, 0.0, 0.08, 0.3, 0.44000000000000006, 0.8600000000000001, 0.8800000000000001, 0.96, 1.0, 1.0, 1.0, 1.0, 1.0, 1.0, 1.0, 1.0, 1.0, 1.0], "0.65": [0.0, 0.0, 0.0, 0.0, 0.04, 0.3, 0.6, 0.72, 0.8800000000000001, 0.96, 1.0, 1.0, 1.0, 1.0, 1.0, 1.0, 1.0, 1.0, 1.0, 1.0, 1.0], "0.7": [0.0, 0.0, 0.0, 0.06000000000000001, 0.32, 0.64, 0.76, 0.9399999999999998, 1.0, 1.0, 1.0, 1.0, 1.0, 1.0, 1.0, 1.0, 1.0, 1.0, 1.0, 1.0, 1.0], "0.75": [0.0, 0.02, 0.22000000000000003, 0.5, 0.76, 0.8400000000000001, 0.9800000000000001, 0.9800000000000001, 1.0, 1.0, 1.0, 1.0, 1.0, 1.0, 1.0, 1.0, 1.0, 1.0, 1.0, 1.0, 1.0], "0.8": [0.1, 0.28, 0.64, 0.8800000000000001, 0.9, 0.9800000000000001, 0.9800000000000001, 0.9800000000000001, 1.0, 1.0, 1.0, 1.0, 1.0, 1.0, 1.0, 1.0, 1.0, 1.0, 1.0, 1.0, 1.0], "0.85": [0.5800000000000001, 0.9, 0.9, 1.0, 1.0, 1.0, 1.0, 1.0, 1.0, 1.0, 1.0, 1.0, 1.0, 1.0, 1.0, 1.0, 1.0, 1.0, 1.0, 1.0, 1.0], "0.9": [0.96, 1.0, 1.0, 1.0, 1.0, 1.0, 1.0, 1.0, 1.0, 1.0, 1.0, 1.0, 1.0, 1.0, 1.0, 1.0, 1.0, 1.0, 1.0, 1.0, 1.0], "0.95": [1.0, 1.0, 1.0, 1.0, 1.0, 1.0, 1.0, 1.0, 1.0, 1.0, 1.0, 1.0, 1.0, 1.0, 1.0, 1.0, 1.0, 1.0, 1.0, 1.0, 1.0], "1.0": [1.0, 1.0, 1.0, 1.0, 1.0, 1.0, 1.0, 1.0, 1.0, 1.0, 1.0, 1.0, 1.0, 1.0, 1.0, 1.0, 1.0, 1.0, 1.0, 1.0, 1.0]}