{"0.0": [0.0, 0.0, 0.0, 0.0, 0.0, 0.0, 0.0, 0.0, 0.0, 0.0, 0.0, 0.0, 0.0, 0.0, 0.0, 0.02, 0.0, 0.06000000000000001, 0.08, 0.22000000000000003, 0.44000000000000006], "0.05": [0.0, 0.0, 0.0, 0.0, 0.0, 0.0, 0.0, 0.0, 0.0, 0.0, 0.0, 0.0, 0.0, 0.0, 0.0, 0.0, 0.04, 0.1, 0.1, 0.4, 0.5], "0.1": [0.0, 0.0, 0.0, 0.0, 0.0, 0.0, 0.0, 0.0, 0.0, 0.0, 0.0, 0.0, 0.0, 0.0, 0.0, 0.02, 0.08, 0.12000000000000002, 0.22000000000000003, 0.4, 0.45999999999999996], "0.15": [0.0, 0.0, 0.0, 0.0, 0.0, 0.0, 0.0, 0.0, 0.0, 0.0, 0.0, 0.0, 0.0, 0.0, 0.0, 0.0, 0.0, 0.15999999999999998, 0.2, 0.33999999999999997, 0.5599999999999999], "0.2": [0.0, 0.0, 0.0, 0.0, 0.0, 0.0, 0.0, 0.0, 0.0, 0.0, 0.0, 0.0, 0.0, 0.0, 0.0, 0.0, 0.1, 0.1, 0.18, 0.45999999999999996, 0.44000000000000006], "0.25": [0.0, 0.0, 0.0, 0.0, 0.0, 0.0, 0.0, 0.0, 0.0, 0.0, 0.0, 0.0, 0.0, 0.0, 0.0, 0.04, 0.02, 0.1, 0.2, 0.36, 0.42000000000000004], "0.3": [0.0, 0.0, 0.0, 0.0, 0.0, 0.0, 0.0, 0.0, 0.0, 0.0, 0.0, 0.0, 0.0, 0.0, 0.02, 0.04, 0.02, 0.1, 0.3, 0.38, 0.64], "0.35": [0.0, 0.0, 0.0, 0.0, 0.0, 0.0, 0.0, 0.0, 0.0, 0.0, 0.0, 0.0, 0.0, 0.0, 0.0, 0.0, 0.1, 0.18, 0.25999999999999995, 0.38, 0.39999999999999997], "0.4": [0.0, 0.0, 0.0, 0.0, 0.0, 0.0, 0.0, 0.0, 0.0, 0.0, 0.0, 0.0, 0.0, 0.0, 0.0, 0.06000000000000001, 0.08, 0.13999999999999999, 0.22000000000000003, 0.30000000000000004, 0.5800000000000001], "0.45": [0.0, 0.0, 0.0, 0.0, 0.0, 0.0, 0.0, 0.0, 0.0, 0.0, 0.0, 0.0, 0.0, 0.04, 0.04, 0.04, 0.13999999999999999, 0.12, 0.28, 0.5, 0.54], "0.5": [0.0, 0.0, 0.0, 0.0, 0.0, 0.0, 0.0, 0.0, 0.0, 0.0, 0.0, 0.0, 0.0, 0.0, 0.0, 0.08, 0.13999999999999999, 0.24000000000000005, 0.2, 0.32, 0.48], "0.55": [0.0, 0.0, 0.0, 0.0, 0.0, 0.0, 0.0, 0.0, 0.0, 0.0, 0.0, 0.0, 0.02, 0.04, 0.02, 0.1, 0.16, 0.2, 0.33999999999999997, 0.38, 0.54], "0.6": [0.0, 0.0, 0.0, 0.0, 0.0, 0.0, 0.0, 0.0, 0.0, 0.0, 0.0, 0.02, 0.02, 0.04, 0.04, 0.12000000000000002, 0.16, 0.36, 0.28, 0.44000000000000006, 0.5599999999999999], "0.65": [0.0, 0.0, 0.0, 0.0, 0.0, 0.0, 0.0, 0.0, 0.0, 0.0, 0.0, 0.06, 0.06000000000000001, 0.04, 0.2, 0.18, 0.24, 0.25999999999999995, 0.32, 0.4, 0.5200000000000001], "0.7": [0.0, 0.0, 0.0, 0.0, 0.0, 0.0, 0.0, 0.0, 0.0, 0.0, 0.0, 0.02, 0.02, 0.08, 0.13999999999999999, 0.26, 0.3, 0.4, 0.24, 0.44000000000000006, 0.44000000000000006], "0.75": [0.0, 0.0, 0.0, 0.0, 0.0, 0.0, 0.0, 0.0, 0.0, 0.0, 0.0, 0.06000000000000001, 0.12, 0.26, 0.22000000000000003, 0.32, 0.28, 0.45999999999999996, 0.32, 0.44000000000000006, 0.36], "0.8": [0.0, 0.0, 0.0, 0.0, 0.0, 0.0, 0.0, 0.02, 0.0, 0.0, 0.1, 0.08, 0.12000000000000002, 0.21999999999999997, 0.08, 0.2, 0.24, 0.30000000000000004, 0.44000000000000006, 0.36, 0.58], "0.85": [0.0, 0.0, 0.0, 0.0, 0.0, 0.0, 0.06000000000000001, 0.02, 0.04, 0.08, 0.1, 0.08, 0.12000000000000002, 0.36, 0.36, 0.3, 0.43999999999999995, 0.36, 0.34, 0.38, 0.4], "0.9": [0.0, 0.0, 0.04, 0.02, 0.02, 0.02, 0.1, 0.1, 0.14, 0.14, 0.27999999999999997, 0.24, 0.38, 0.26, 0.26, 0.27999999999999997, 0.42000000000000004, 0.5, 0.43999999999999995, 0.48, 0.5399999999999999], "0.95": [0.13999999999999999, 0.2, 0.1, 0.2, 0.2, 0.18, 0.26, 0.31999999999999995, 0.4, 0.25999999999999995, 0.32, 0.45999999999999996, 0.38, 0.36, 0.32, 0.52, 0.4, 0.4, 0.41999999999999993, 0.4, 0.42000000000000004], "1.0": [0.52, 0.5, 0.52, 0.5999999999999999, 0.45999999999999996, 0.45999999999999996, 0.52, 0.45999999999999996, 0.42000000000000004, 0.52, 0.5399999999999999, 0.5199999999999999, 0.52, 0.45999999999999996, 0.5399999999999999, 0.5599999999999999, 0.58, 0.4800000000000001, 0.5799999999999998, 0.5399999999999999, 0.54]}