{"0.0": [0.0, 0.0, 0.0, 0.0, 0.0, 0.0, 0.0, 0.0, 0.0, 0.0, 0.0, 0.0, 0.0, 0.0, 0.0, 0.0, 0.02, 0.04, 0.12000000000000002, 0.16, 0.54], "0.05": [0.0, 0.0, 0.0, 0.0, 0.0, 0.0, 0.0, 0.0, 0.0, 0.0, 0.0, 0.0, 0.0, 0.0, 0.0, 0.0, 0.0, 0.02, 0.18, 0.25999999999999995, 0.5599999999999999], "0.1": [0.0, 0.0, 0.0, 0.0, 0.0, 0.0, 0.0, 0.0, 0.0, 0.0, 0.0, 0.0, 0.0, 0.0, 0.0, 0.0, 0.02, 0.08, 0.18, 0.33999999999999997, 0.52], "0.15": [0.0, 0.0, 0.0, 0.0, 0.0, 0.0, 0.0, 0.0, 0.0, 0.0, 0.0, 0.0, 0.0, 0.0, 0.02, 0.0, 0.0, 0.1, 0.24, 0.38, 0.5599999999999999], "0.2": [0.0, 0.0, 0.0, 0.0, 0.0, 0.0, 0.0, 0.0, 0.0, 0.0, 0.0, 0.0, 0.0, 0.0, 0.0, 0.02, 0.04, 0.13999999999999999, 0.27999999999999997, 0.42000000000000004, 0.43999999999999995], "0.25": [0.0, 0.0, 0.0, 0.0, 0.0, 0.0, 0.0, 0.0, 0.0, 0.0, 0.0, 0.0, 0.0, 0.0, 0.0, 0.08, 0.02, 0.06000000000000001, 0.18, 0.34, 0.44000000000000006], "0.3": [0.0, 0.0, 0.0, 0.0, 0.0, 0.0, 0.0, 0.0, 0.0, 0.0, 0.0, 0.0, 0.0, 0.0, 0.02, 0.02, 0.08, 0.1, 0.15999999999999998, 0.3, 0.48], "0.35": [0.0, 0.0, 0.0, 0.0, 0.0, 0.0, 0.0, 0.0, 0.0, 0.0, 0.0, 0.0, 0.0, 0.0, 0.0, 0.04, 0.1, 0.18, 0.18, 0.4, 0.38], "0.4": [0.0, 0.0, 0.0, 0.0, 0.0, 0.0, 0.0, 0.0, 0.0, 0.0, 0.0, 0.0, 0.0, 0.0, 0.04, 0.02, 0.06000000000000001, 0.18, 0.33999999999999997, 0.48, 0.52], "0.45": [0.0, 0.0, 0.0, 0.0, 0.0, 0.0, 0.0, 0.0, 0.0, 0.0, 0.0, 0.0, 0.0, 0.0, 0.02, 0.02, 0.12000000000000002, 0.18, 0.36, 0.27999999999999997, 0.58], "0.5": [0.0, 0.0, 0.0, 0.0, 0.0, 0.0, 0.0, 0.0, 0.0, 0.0, 0.0, 0.0, 0.0, 0.0, 0.02, 0.02, 0.1, 0.26, 0.26, 0.31999999999999995, 0.48], "0.55": [0.0, 0.0, 0.0, 0.0, 0.0, 0.0, 0.0, 0.0, 0.0, 0.0, 0.0, 0.0, 0.0, 0.02, 0.02, 0.02, 0.12000000000000002, 0.16, 0.29999999999999993, 0.45999999999999996, 0.5199999999999999], "0.6": [0.0, 0.0, 0.0, 0.0, 0.0, 0.0, 0.0, 0.0, 0.0, 0.0, 0.0, 0.0, 0.04, 0.0, 0.06000000000000001, 0.19999999999999998, 0.16, 0.3, 0.26, 0.5, 0.5200000000000001], "0.65": [0.0, 0.0, 0.0, 0.0, 0.0, 0.0, 0.0, 0.0, 0.0, 0.0, 0.02, 0.0, 0.06000000000000001, 0.06000000000000001, 0.1, 0.16, 0.25999999999999995, 0.29999999999999993, 0.45999999999999996, 0.38, 0.45999999999999996], "0.7": [0.0, 0.0, 0.0, 0.0, 0.0, 0.0, 0.0, 0.0, 0.0, 0.0, 0.02, 0.0, 0.02, 0.06000000000000001, 0.1, 0.13999999999999999, 0.48, 0.2, 0.4000000000000001, 0.5, 0.38], "0.75": [0.0, 0.0, 0.0, 0.0, 0.0, 0.0, 0.0, 0.0, 0.0, 0.0, 0.0, 0.1, 0.08, 0.04, 0.18, 0.22000000000000003, 0.33999999999999997, 0.45999999999999996, 0.3, 0.36, 0.5599999999999999], "0.8": [0.0, 0.0, 0.0, 0.0, 0.0, 0.0, 0.0, 0.0, 0.02, 0.04, 0.06000000000000001, 0.08, 0.1, 0.16, 0.18, 0.34, 0.26000000000000006, 0.3, 0.36, 0.5, 0.6], "0.85": [0.0, 0.0, 0.0, 0.0, 0.0, 0.04, 0.04, 0.04, 0.0, 0.08, 0.02, 0.2, 0.12000000000000002, 0.28, 0.24000000000000005, 0.31999999999999995, 0.28, 0.38, 0.45999999999999996, 0.42000000000000004, 0.45999999999999996], "0.9": [0.02, 0.0, 0.0, 0.04, 0.08, 0.1, 0.13999999999999999, 0.08, 0.12, 0.19999999999999998, 0.27999999999999997, 0.24, 0.24, 0.38, 0.38, 0.4, 0.43999999999999995, 0.47999999999999987, 0.42000000000000004, 0.45999999999999996, 0.48], "0.95": [0.08, 0.16, 0.18, 0.24, 0.12, 0.16, 0.22000000000000003, 0.26, 0.24000000000000005, 0.26, 0.48, 0.4, 0.45999999999999996, 0.54, 0.6599999999999999, 0.52, 0.36, 0.42000000000000004, 0.42000000000000004, 0.42000000000000004, 0.42000000000000004], "1.0": [0.6, 0.5199999999999999, 0.27999999999999997, 0.43999999999999995, 0.6199999999999999, 0.52, 0.42000000000000004, 0.48, 0.48, 0.5199999999999999, 0.45999999999999996, 0.52, 0.54, 0.5599999999999998, 0.44000000000000006, 0.42000000000000004, 0.44000000000000006, 0.64, 0.54, 0.6, 0.6200000000000001]}