{"0.0": [0.004998, 0.00542, 0.005902000000000001, 0.006654, 0.0077080000000000004, 0.008906, 0.009944, 0.011420000000000001, 0.013451999999999999, 0.016177999999999998, 0.019994, 0.020875999999999995, 0.027159999999999997, 0.037939999999999995, 0.04395600000000001, 0.05279, 0.06922800000000001, 0.10290800000000001, 0.11590400000000001, 0.18969000000000003, 0.21539999999999998], "0.05": [0.0052239999999999995, 0.0056500000000000005, 0.00655, 0.006976000000000001, 0.007689999999999999, 0.00931, 0.010638000000000002, 0.0119, 0.014493999999999998, 0.017018000000000002, 0.02054, 0.023376, 0.030267999999999996, 0.032917999999999996, 0.04845800000000001, 0.056594000000000005, 0.08377400000000002, 0.107698, 0.145442, 0.19323199999999996, 0.22663399999999995], "0.1": [0.005384, 0.006178000000000001, 0.006532, 0.007174000000000001, 0.008683999999999999, 0.00967, 0.011080000000000001, 0.01253, 0.015782, 0.017942, 0.021244, 0.027022, 0.032274000000000004, 0.04267000000000001, 0.046952, 0.06253, 0.08161199999999999, 0.10818, 0.14967, 0.195206, 0.213142], "0.15": [0.005546, 0.0061920000000000005, 0.006933999999999999, 0.007974, 0.008768, 0.010042, 0.011592, 0.013585999999999997, 0.016905999999999997, 0.018022, 0.023694000000000003, 0.029132, 0.031898, 0.042598000000000004, 0.053062, 0.069118, 0.072978, 0.12157200000000001, 0.15411, 0.189312, 0.261786], "0.2": [0.005849999999999999, 0.006376, 0.007518, 0.008317999999999999, 0.009966, 0.011512000000000001, 0.012266000000000004, 0.015148, 0.018434000000000002, 0.019965999999999998, 0.025767999999999996, 0.027356, 0.037104, 0.048756, 0.057752, 0.06914, 0.09153000000000003, 0.128096, 0.16891799999999996, 0.18963599999999997, 0.23593], "0.25": [0.006383999999999998, 0.006936, 0.007792, 0.009126, 0.010486, 0.011822000000000001, 0.013763999999999998, 0.016714000000000003, 0.01832, 0.023581999999999995, 0.027891999999999997, 0.03449, 0.04334999999999999, 0.046639999999999994, 0.06550199999999999, 0.074474, 0.09809799999999999, 0.12523399999999998, 0.149286, 0.19244799999999998, 0.224968], "0.3": [0.006632, 0.007576, 0.008568000000000001, 0.009626000000000001, 0.010827999999999999, 0.012624000000000002, 0.014769999999999998, 0.018009999999999998, 0.021400000000000002, 0.024985999999999998, 0.028014, 0.034922, 0.038642, 0.051149999999999994, 0.065066, 0.08542399999999999, 0.10418200000000001, 0.13963199999999998, 0.185476, 0.20378, 0.225016], "0.35": [0.007292000000000001, 0.007951999999999999, 0.009114, 0.010407999999999999, 0.011944, 0.013204, 0.015356000000000002, 0.017372, 0.022882000000000003, 0.027833999999999998, 0.031484, 0.037357999999999995, 0.048018, 0.059851999999999995, 0.07429999999999999, 0.089146, 0.10088400000000002, 0.136324, 0.16848400000000002, 0.21790800000000002, 0.263888], "0.4": [0.00775, 0.008709999999999999, 0.009888, 0.011375999999999999, 0.013738000000000002, 0.015605999999999998, 0.019196, 0.021580000000000002, 0.023104, 0.030444, 0.033532, 0.041948, 0.05192, 0.059764, 0.077142, 0.092558, 0.125552, 0.155174, 0.18135, 0.22678999999999994, 0.23850200000000002], "0.45": [0.00846, 0.009676, 0.011249999999999998, 0.012367999999999999, 0.014447999999999999, 0.016648, 0.019370000000000002, 0.02345, 0.026976, 0.032756, 0.037169999999999995, 0.046888, 0.06072999999999999, 0.064242, 0.089276, 0.10125999999999999, 0.10789200000000002, 0.158466, 0.18768399999999996, 0.219806, 0.238062], "0.5": [0.009182, 0.010392000000000002, 0.012415999999999998, 0.014091999999999999, 0.016484, 0.01799, 0.020886000000000002, 0.026428000000000004, 0.029778, 0.036585999999999994, 0.041254, 0.048804, 0.059576000000000004, 0.072496, 0.10075999999999999, 0.10521199999999999, 0.12323, 0.15231999999999998, 0.171658, 0.237, 0.22880599999999998], "0.55": [0.010176000000000001, 0.011585999999999999, 0.013504, 0.016086, 0.018032, 0.021041999999999995, 0.025295999999999996, 0.029595999999999997, 0.034142, 0.039498, 0.045087999999999996, 0.056282, 0.066798, 0.0783, 0.10240199999999999, 0.120272, 0.157754, 0.163508, 0.19412600000000005, 0.213408, 0.22732599999999997], "0.6": [0.012006, 0.013984000000000002, 0.015190000000000002, 0.016672, 0.021131999999999998, 0.025080000000000005, 0.029272, 0.034416, 0.03627, 0.04220000000000001, 0.05350799999999999, 0.06216400000000001, 0.081278, 0.10161200000000001, 0.11641, 0.12033600000000001, 0.157162, 0.141482, 0.21015599999999998, 0.235626, 0.24015799999999998], "0.65": [0.014194, 0.015210000000000001, 0.018172, 0.020931999999999996, 0.025627999999999998, 0.028954, 0.032352, 0.03742, 0.046171999999999984, 0.05591400000000001, 0.060481999999999994, 0.07400000000000001, 0.09541000000000001, 0.10606599999999998, 0.11089600000000001, 0.144518, 0.136878, 0.17064000000000001, 0.21217399999999997, 0.217074, 0.243322], "0.7": [0.017169999999999998, 0.018496000000000002, 0.024077999999999995, 0.026625999999999997, 0.028040000000000006, 0.035332, 0.04118399999999999, 0.046548, 0.05548600000000001, 0.05915999999999998, 0.07405400000000001, 0.092438, 0.10510799999999998, 0.11067199999999999, 0.129298, 0.152132, 0.18342800000000004, 0.20338599999999998, 0.18984799999999996, 0.22140800000000002, 0.23952399999999993], "0.75": [0.020346000000000003, 0.023114, 0.025622000000000002, 0.031217999999999996, 0.032622, 0.041602, 0.050144, 0.059042000000000004, 0.06509199999999998, 0.08900599999999999, 0.08890200000000002, 0.105566, 0.11163600000000001, 0.11993399999999997, 0.1475, 0.18120000000000006, 0.17920399999999995, 0.19078, 0.22895800000000002, 0.216554, 0.25098200000000004], "0.8": [0.025576, 0.031834, 0.030879999999999998, 0.044496, 0.04210400000000001, 0.05489, 0.06410600000000001, 0.069736, 0.08574799999999999, 0.093508, 0.105828, 0.12393000000000001, 0.145674, 0.156448, 0.155744, 0.205378, 0.18583399999999997, 0.225876, 0.215948, 0.27191999999999994, 0.23724], "0.85": [0.033824, 0.039026, 0.04702599999999999, 0.059826, 0.06583399999999999, 0.073488, 0.078692, 0.09106600000000002, 0.10926400000000001, 0.11875, 0.12508400000000003, 0.16624999999999995, 0.15442999999999998, 0.16292199999999998, 0.17601, 0.18293399999999996, 0.22543600000000003, 0.23492599999999997, 0.220476, 0.23556800000000003, 0.24286600000000003], "0.9": [0.056146, 0.068064, 0.066278, 0.079414, 0.090762, 0.094152, 0.126272, 0.12903599999999998, 0.114672, 0.16796999999999998, 0.16645400000000002, 0.17937799999999998, 0.16629799999999995, 0.18733999999999998, 0.193532, 0.21168800000000002, 0.20921599999999999, 0.20474399999999998, 0.23989999999999997, 0.25587000000000004, 0.254998], "0.95": [0.12356400000000002, 0.136294, 0.141872, 0.140336, 0.159266, 0.157804, 0.16420599999999996, 0.18002, 0.18899600000000005, 0.16416400000000003, 0.182148, 0.22169, 0.193578, 0.23815800000000004, 0.21919800000000003, 0.19926200000000002, 0.23479400000000003, 0.23404600000000003, 0.24584399999999995, 0.23515, 0.24529199999999998], "1.0": [0.23574, 0.219632, 0.268894, 0.2237, 0.259014, 0.24769800000000003, 0.22292800000000004, 0.209844, 0.274464, 0.209972, 0.23928800000000003, 0.231904, 0.21782, 0.23883000000000001, 0.256596, 0.230192, 0.22350399999999998, 0.23766600000000002, 0.252784, 0.242048, 0.23874599999999999]}