{"0.0": [0.004962, 0.0054459999999999995, 0.006008, 0.006704, 0.007447999999999999, 0.008563999999999999, 0.010020000000000003, 0.011723999999999998, 0.013356, 0.015402000000000002, 0.018730000000000004, 0.022574000000000004, 0.025429999999999998, 0.036474, 0.045818000000000005, 0.059346, 0.07979, 0.09848400000000002, 0.15536, 0.180614, 0.26761999999999997], "0.05": [0.005138, 0.005622000000000001, 0.006254000000000002, 0.006884, 0.008042, 0.009074, 0.010338000000000003, 0.011765999999999999, 0.015038000000000003, 0.015880000000000002, 0.021126000000000006, 0.024746000000000004, 0.030497999999999994, 0.037162, 0.044988, 0.06539800000000001, 0.088254, 0.10155999999999998, 0.16367, 0.18319600000000003, 0.25384599999999996], "0.1": [0.005466000000000001, 0.005914, 0.006774, 0.007192, 0.008212, 0.009626000000000001, 0.010897999999999998, 0.012729999999999998, 0.015936, 0.017956, 0.021198, 0.027014, 0.033150000000000006, 0.035574, 0.046844000000000004, 0.063282, 0.090302, 0.116548, 0.134214, 0.18645200000000003, 0.269414], "0.15": [0.005784, 0.0063739999999999995, 0.0069099999999999995, 0.00798, 0.008882000000000001, 0.010606000000000003, 0.011588000000000003, 0.013661999999999999, 0.017256, 0.019566, 0.022071999999999994, 0.028057999999999996, 0.033028, 0.039506, 0.045594, 0.05962800000000001, 0.09997400000000001, 0.114092, 0.127296, 0.20310399999999998, 0.241352], "0.2": [0.0059440000000000005, 0.00647, 0.007284, 0.008280000000000001, 0.009216, 0.010768, 0.013212000000000002, 0.013887999999999998, 0.01671, 0.020522, 0.023454000000000003, 0.030104000000000002, 0.037202, 0.046022, 0.05607799999999999, 0.07182000000000001, 0.09119399999999998, 0.12869600000000003, 0.145998, 0.18901400000000002, 0.226378], "0.25": [0.006247999999999999, 0.006939999999999999, 0.007724, 0.008902, 0.010586, 0.011856, 0.013967999999999998, 0.015878, 0.018262000000000004, 0.022742, 0.029122000000000002, 0.032064, 0.037484, 0.05060800000000001, 0.05745600000000001, 0.07110799999999999, 0.108048, 0.11960599999999999, 0.149098, 0.224616, 0.227442], "0.3": [0.006562, 0.0072699999999999996, 0.008452, 0.009582, 0.011442, 0.012712, 0.015396, 0.016898, 0.020588000000000002, 0.023614000000000003, 0.030356, 0.035112000000000004, 0.042834000000000004, 0.049558, 0.07106799999999999, 0.07707400000000002, 0.105664, 0.13091, 0.15756, 0.232428, 0.225636], "0.35": [0.006996, 0.00783, 0.009086, 0.010343999999999999, 0.011626000000000001, 0.012881999999999998, 0.01551, 0.020638, 0.021446, 0.024494000000000002, 0.031361999999999994, 0.038287999999999996, 0.04139799999999999, 0.05487, 0.06958, 0.09275800000000001, 0.113896, 0.11979799999999999, 0.16942000000000002, 0.19670399999999996, 0.23435999999999996], "0.4": [0.007655999999999999, 0.008588, 0.009911999999999999, 0.011278000000000003, 0.013105999999999998, 0.014528, 0.017312, 0.020408, 0.022735999999999996, 0.026742000000000002, 0.033192000000000006, 0.04007000000000001, 0.05203, 0.06176, 0.07476200000000001, 0.08869999999999999, 0.09878, 0.141862, 0.16094, 0.236916, 0.24859], "0.45": [0.00832, 0.009533999999999997, 0.011136000000000002, 0.011394, 0.015078000000000003, 0.017286000000000003, 0.018137999999999998, 0.023632, 0.025796, 0.032014, 0.036952000000000006, 0.039312, 0.054082, 0.06509000000000001, 0.077752, 0.093036, 0.12506199999999998, 0.14470799999999998, 0.174622, 0.227574, 0.25225200000000003], "0.5": [0.009224, 0.010724000000000001, 0.012012, 0.014499999999999999, 0.016662, 0.018764, 0.021980000000000003, 0.02437, 0.029442, 0.036642, 0.040258, 0.05113599999999999, 0.064926, 0.07564799999999999, 0.09388400000000001, 0.107294, 0.142186, 0.164454, 0.18869, 0.20967199999999997, 0.243892], "0.55": [0.01039, 0.012922, 0.012897999999999998, 0.015348000000000002, 0.017664, 0.022461999999999996, 0.02617, 0.027008, 0.033226, 0.040254000000000005, 0.048676, 0.05329199999999999, 0.06731600000000001, 0.072344, 0.086814, 0.11820800000000001, 0.1308, 0.16976200000000002, 0.208794, 0.21517200000000003, 0.23831999999999998], "0.6": [0.011405999999999998, 0.013408, 0.015813999999999998, 0.018341999999999997, 0.021164000000000002, 0.024796, 0.029781999999999996, 0.036942, 0.044962, 0.045725999999999996, 0.054264, 0.06038600000000001, 0.07823200000000001, 0.090938, 0.09989600000000001, 0.144026, 0.139956, 0.17165400000000003, 0.188412, 0.21831799999999998, 0.226916], "0.65": [0.013792, 0.016482, 0.017232, 0.020138, 0.02642, 0.028526000000000003, 0.03239, 0.041646, 0.04263000000000001, 0.051028000000000004, 0.060514, 0.081156, 0.085726, 0.09704, 0.11186, 0.145432, 0.176214, 0.176718, 0.19969399999999995, 0.178184, 0.23225600000000005], "0.7": [0.016866000000000003, 0.019678, 0.021462, 0.026550000000000004, 0.030475999999999996, 0.035538, 0.039202, 0.042282, 0.050561999999999996, 0.068906, 0.06871599999999999, 0.08565600000000001, 0.09421800000000001, 0.11104599999999999, 0.140328, 0.15898, 0.155834, 0.18483799999999997, 0.20636400000000002, 0.240956, 0.228926], "0.75": [0.020199999999999996, 0.02403, 0.026083999999999996, 0.030379999999999997, 0.032858, 0.04182600000000001, 0.046150000000000004, 0.060244, 0.071456, 0.07471799999999999, 0.085264, 0.11677, 0.131402, 0.13951, 0.153424, 0.15336799999999998, 0.19777999999999998, 0.19790600000000003, 0.19842400000000002, 0.23518, 0.250054], "0.8": [0.027492000000000006, 0.029425999999999997, 0.034362, 0.041928, 0.04620199999999999, 0.064592, 0.06244999999999999, 0.065946, 0.06442599999999998, 0.086952, 0.09990199999999999, 0.13258599999999998, 0.147068, 0.134686, 0.16870600000000002, 0.176266, 0.18176600000000004, 0.21643800000000002, 0.218542, 0.22807000000000002, 0.234622], "0.85": [0.033738, 0.039244, 0.048314, 0.052888000000000004, 0.061065999999999995, 0.067676, 0.072308, 0.102282, 0.10094399999999998, 0.12129399999999999, 0.140834, 0.12519, 0.153654, 0.199684, 0.162694, 0.18886399999999998, 0.18447599999999997, 0.204158, 0.22108999999999998, 0.221258, 0.24754399999999996], "0.9": [0.05402200000000001, 0.06668800000000001, 0.06875999999999999, 0.081038, 0.087104, 0.09629999999999997, 0.117034, 0.134668, 0.12574200000000002, 0.137562, 0.16063, 0.18360000000000004, 0.17165, 0.15981199999999998, 0.20431600000000003, 0.216608, 0.21954, 0.24738800000000002, 0.244196, 0.253932, 0.257104], "0.95": [0.09646600000000001, 0.11610199999999998, 0.12168000000000001, 0.130088, 0.150936, 0.18409599999999998, 0.16434, 0.19609000000000001, 0.174846, 0.18953200000000003, 0.16599799999999998, 0.195702, 0.20458400000000004, 0.20915000000000003, 0.236644, 0.23010199999999997, 0.224586, 0.20846, 0.21881799999999998, 0.23941199999999999, 0.23307600000000003], "1.0": [0.23787399999999997, 0.216164, 0.215094, 0.24623799999999996, 0.21124599999999996, 0.23056000000000001, 0.251646, 0.249758, 0.234198, 0.23508599999999993, 0.21883400000000003, 0.23543999999999998, 0.21300199999999997, 0.22508200000000003, 0.23726599999999998, 0.258714, 0.228262, 0.265748, 0.26177600000000006, 0.22281199999999998, 0.22104]}