{"0.0": [0.004942, 0.00534, 0.005896, 0.006664, 0.00737, 0.008416, 0.009937999999999999, 0.011002000000000001, 0.014152, 0.016924, 0.018638000000000002, 0.021575999999999998, 0.030678, 0.032945999999999996, 0.041457999999999995, 0.062197999999999996, 0.068676, 0.09842400000000001, 0.123878, 0.173074, 0.2488], "0.05": [0.005082, 0.005744000000000002, 0.006253999999999999, 0.007123999999999999, 0.007855999999999998, 0.009148, 0.01034, 0.012512, 0.013668, 0.016659999999999998, 0.019926000000000003, 0.025614000000000005, 0.030182, 0.035692, 0.042726, 0.05768000000000001, 0.081616, 0.1017, 0.12103200000000001, 0.21535600000000002, 0.25675], "0.1": [0.0052499999999999995, 0.006025999999999999, 0.0066679999999999994, 0.007136, 0.008198, 0.009412, 0.01157, 0.012534, 0.014989999999999998, 0.01838, 0.022643999999999997, 0.023314000000000005, 0.032132, 0.040546, 0.048038000000000004, 0.06887399999999999, 0.08583800000000003, 0.119344, 0.16084600000000002, 0.187132, 0.23313000000000003], "0.15": [0.005768, 0.00621, 0.0069679999999999985, 0.008034, 0.008859999999999998, 0.010027999999999999, 0.011468, 0.013231999999999999, 0.016252000000000003, 0.019822, 0.023429999999999996, 0.024658, 0.033926, 0.043174000000000004, 0.060368000000000005, 0.080924, 0.077638, 0.12409600000000001, 0.16372399999999998, 0.20077399999999998, 0.245284], "0.2": [0.005862000000000001, 0.006578, 0.007242000000000001, 0.008358, 0.009142, 0.010792, 0.011742, 0.014787999999999999, 0.017193999999999997, 0.022608000000000003, 0.024616, 0.031332, 0.034992, 0.039498000000000005, 0.055222, 0.07824, 0.10471000000000003, 0.114692, 0.155696, 0.198034, 0.23618199999999998], "0.25": [0.006214, 0.006902, 0.007930000000000001, 0.008488, 0.009944000000000001, 0.011626000000000001, 0.013600000000000001, 0.015524, 0.018457999999999995, 0.021576000000000005, 0.028664000000000002, 0.032402, 0.039818, 0.05078799999999999, 0.063244, 0.08686999999999999, 0.07992400000000001, 0.133986, 0.157528, 0.206998, 0.225858], "0.3": [0.006776, 0.0073160000000000005, 0.00824, 0.00979, 0.011056, 0.013079999999999998, 0.015069999999999998, 0.01736, 0.021728, 0.023914, 0.028330000000000008, 0.033972, 0.04365, 0.053096, 0.065506, 0.08494600000000001, 0.09440199999999999, 0.12786, 0.189184, 0.215712, 0.26891400000000004], "0.35": [0.007103999999999999, 0.008142000000000002, 0.009334, 0.010134, 0.012508000000000002, 0.013137999999999999, 0.015781999999999997, 0.019776000000000002, 0.022239999999999996, 0.026496, 0.030408, 0.03598, 0.04685, 0.054944, 0.072054, 0.076864, 0.11675400000000001, 0.156962, 0.157464, 0.20678000000000002, 0.22058599999999998], "0.4": [0.007436000000000001, 0.008610000000000001, 0.009907999999999998, 0.011423999999999998, 0.013486, 0.01521, 0.01706, 0.021489999999999995, 0.023493999999999998, 0.028296, 0.035392, 0.041338, 0.04529, 0.063288, 0.075368, 0.10612799999999999, 0.10632399999999999, 0.130074, 0.16253, 0.18849, 0.25274], "0.45": [0.008467999999999998, 0.009318, 0.010746, 0.012712000000000001, 0.015486, 0.017058, 0.019236, 0.022470000000000004, 0.024438, 0.033248, 0.039136, 0.053104, 0.05809800000000001, 0.07482, 0.089276, 0.102202, 0.13178, 0.13509000000000002, 0.177422, 0.23024, 0.24273599999999998], "0.5": [0.009262, 0.01024, 0.012329999999999999, 0.0131, 0.015652, 0.017788, 0.02119, 0.025972, 0.029794000000000005, 0.03735, 0.043378, 0.049766000000000005, 0.060914, 0.072254, 0.095168, 0.116028, 0.139626, 0.159684, 0.16489, 0.200514, 0.23553599999999997], "0.55": [0.010343999999999997, 0.011715999999999999, 0.013260000000000001, 0.016152, 0.016828, 0.020963999999999997, 0.024089999999999997, 0.030055999999999992, 0.036019999999999996, 0.04285200000000001, 0.048802000000000005, 0.06324800000000001, 0.06247400000000001, 0.08059, 0.093912, 0.121134, 0.129594, 0.136146, 0.19939, 0.208584, 0.243842], "0.6": [0.011335999999999999, 0.013752, 0.0143, 0.019150000000000004, 0.020376, 0.023128000000000003, 0.028612000000000002, 0.032594, 0.035688, 0.040404, 0.054644, 0.070932, 0.075998, 0.090214, 0.10770599999999998, 0.121796, 0.150038, 0.165008, 0.18241800000000002, 0.22129600000000005, 0.248156], "0.65": [0.013706000000000001, 0.016107999999999997, 0.017103999999999998, 0.02017, 0.025762, 0.02665, 0.031504, 0.036566, 0.04654400000000001, 0.055293999999999996, 0.06748599999999999, 0.08140800000000001, 0.08868999999999998, 0.09841000000000001, 0.130374, 0.13910999999999998, 0.16276, 0.16866599999999998, 0.20218599999999998, 0.211904, 0.258474], "0.7": [0.016558000000000003, 0.018718, 0.023062000000000006, 0.02452, 0.029694, 0.037456, 0.040664, 0.044714000000000004, 0.058503999999999994, 0.058651999999999996, 0.069422, 0.08191599999999999, 0.090296, 0.10369, 0.136634, 0.160872, 0.15259599999999998, 0.205498, 0.173236, 0.21495600000000004, 0.243246], "0.75": [0.019482, 0.022536, 0.027328, 0.032576, 0.0398, 0.03879400000000001, 0.04469400000000001, 0.055472, 0.062262000000000005, 0.075788, 0.078378, 0.10135, 0.118192, 0.15132600000000002, 0.16482600000000003, 0.18825799999999998, 0.17235799999999998, 0.208192, 0.19746200000000005, 0.22237399999999996, 0.21189599999999997], "0.8": [0.027098000000000004, 0.029792, 0.036118, 0.042094000000000006, 0.046294000000000016, 0.049392, 0.058706000000000015, 0.070626, 0.08496400000000001, 0.090258, 0.118802, 0.12319000000000001, 0.12906, 0.13652200000000003, 0.14933800000000003, 0.16370200000000001, 0.17819800000000005, 0.18591399999999997, 0.22755200000000003, 0.219078, 0.251688], "0.85": [0.03526, 0.044424, 0.04590199999999999, 0.054320000000000014, 0.06105999999999999, 0.059182, 0.082352, 0.10004400000000001, 0.10694199999999998, 0.110844, 0.138902, 0.127408, 0.154846, 0.18613600000000002, 0.17987199999999998, 0.187934, 0.215592, 0.200212, 0.19542400000000001, 0.22885199999999997, 0.22115200000000002], "0.9": [0.048656, 0.055622, 0.081482, 0.07400999999999999, 0.08818, 0.10157, 0.11374, 0.12704800000000002, 0.14330600000000002, 0.14973, 0.18289800000000003, 0.162774, 0.19056599999999999, 0.16615400000000002, 0.18205799999999997, 0.18322999999999998, 0.219872, 0.23722, 0.21195600000000003, 0.233332, 0.23209999999999997], "0.95": [0.11828, 0.122668, 0.11360600000000001, 0.134764, 0.164302, 0.149878, 0.167972, 0.200196, 0.192912, 0.173584, 0.18841200000000005, 0.220836, 0.224004, 0.20537799999999998, 0.20947600000000002, 0.23147, 0.230764, 0.22535, 0.24188599999999996, 0.21629199999999998, 0.23281400000000002], "1.0": [0.24768800000000002, 0.23818799999999998, 0.243094, 0.243026, 0.231446, 0.24111999999999997, 0.247366, 0.239608, 0.23001600000000003, 0.25143400000000005, 0.25447600000000004, 0.23661400000000005, 0.23458599999999996, 0.23197199999999996, 0.254352, 0.251964, 0.26573599999999997, 0.24102999999999997, 0.2709, 0.24954200000000004, 0.25121000000000004]}