{"0.0": [0.004953999999999999, 0.005502, 0.005824, 0.00687, 0.007296, 0.008268, 0.009909999999999999, 0.011153999999999999, 0.01387, 0.016201999999999998, 0.01749, 0.022675999999999998, 0.027464000000000002, 0.033774, 0.04276800000000001, 0.050806000000000004, 0.075708, 0.08831800000000001, 0.12115400000000003, 0.184922, 0.238642], "0.05": [0.005267999999999999, 0.00573, 0.00633, 0.006750000000000001, 0.008290000000000002, 0.008924, 0.010397999999999998, 0.012338000000000002, 0.014064, 0.016158000000000002, 0.02028, 0.023961999999999997, 0.029414000000000003, 0.03605800000000001, 0.045183999999999995, 0.06015000000000001, 0.08125199999999999, 0.10146399999999998, 0.129966, 0.20045200000000002, 0.243456], "0.1": [0.005431999999999999, 0.0059499999999999996, 0.006616000000000002, 0.00753, 0.008272, 0.009816, 0.010993999999999997, 0.012461999999999999, 0.015884, 0.018571999999999998, 0.021434, 0.024642000000000004, 0.032982, 0.039068000000000006, 0.049918, 0.064434, 0.079638, 0.106646, 0.14924800000000002, 0.189062, 0.22931399999999996], "0.15": [0.005773999999999999, 0.006286000000000001, 0.007122, 0.007774, 0.008425999999999998, 0.010444, 0.01195, 0.014023999999999998, 0.01664, 0.01991, 0.022760000000000002, 0.02921, 0.034232, 0.043343999999999994, 0.054622000000000004, 0.07800200000000002, 0.08385200000000001, 0.11209200000000002, 0.151798, 0.187352, 0.25368999999999997], "0.2": [0.0059499999999999996, 0.006346000000000001, 0.007415999999999999, 0.008461999999999999, 0.00923, 0.010734, 0.011948, 0.01356, 0.015854, 0.020669999999999997, 0.02521, 0.029945999999999997, 0.03678599999999999, 0.043296, 0.053088, 0.06707799999999998, 0.079724, 0.12815400000000002, 0.148118, 0.18494, 0.216538], "0.25": [0.006481999999999999, 0.0069500000000000004, 0.00828, 0.008882000000000001, 0.01016, 0.011848000000000001, 0.014069999999999997, 0.015628, 0.019960000000000002, 0.021262000000000003, 0.026784, 0.032346, 0.038722000000000006, 0.04845599999999999, 0.06315399999999999, 0.076448, 0.106958, 0.152684, 0.16292, 0.20102399999999998, 0.256544], "0.3": [0.006647999999999999, 0.007526000000000001, 0.008565999999999999, 0.009918, 0.011102, 0.012208000000000002, 0.014814, 0.018442, 0.020004000000000004, 0.024166000000000003, 0.030035999999999997, 0.036554, 0.041188, 0.05397800000000001, 0.060016, 0.1025, 0.10748799999999999, 0.13335799999999998, 0.168962, 0.209482, 0.22605], "0.35": [0.007176, 0.007784, 0.008896, 0.009882, 0.012074000000000003, 0.014296000000000001, 0.016139999999999998, 0.018026, 0.022501999999999994, 0.025275999999999996, 0.031085999999999996, 0.036252000000000006, 0.04572800000000001, 0.060978000000000004, 0.08216000000000001, 0.09207000000000001, 0.10138799999999999, 0.141504, 0.155992, 0.20633, 0.24080200000000002], "0.4": [0.007842, 0.00879, 0.009755999999999999, 0.011526000000000003, 0.013914, 0.015472000000000001, 0.018528, 0.019884000000000002, 0.023540000000000002, 0.029970000000000004, 0.037140000000000006, 0.043292000000000004, 0.05149, 0.052779999999999994, 0.07493200000000001, 0.103688, 0.134266, 0.12047599999999999, 0.16380999999999996, 0.20411400000000002, 0.240546], "0.45": [0.008386, 0.009250000000000001, 0.010984, 0.012618, 0.014905999999999999, 0.01674, 0.018237999999999997, 0.023178, 0.027274, 0.030132, 0.036606, 0.050904, 0.047182, 0.06430600000000002, 0.077256, 0.106486, 0.11210200000000001, 0.145656, 0.19027399999999997, 0.21411000000000002, 0.23157400000000003], "0.5": [0.009662, 0.010327999999999999, 0.011994000000000003, 0.013042000000000003, 0.01568, 0.018956, 0.021915999999999998, 0.025452000000000002, 0.029897999999999997, 0.032608, 0.04135599999999999, 0.05561800000000001, 0.058406, 0.077926, 0.086164, 0.10083, 0.11429399999999999, 0.155886, 0.18670799999999999, 0.19257200000000002, 0.248512], "0.55": [0.010199999999999997, 0.012276, 0.012896000000000001, 0.016004, 0.019222, 0.022334000000000007, 0.023725999999999997, 0.028806000000000002, 0.034935999999999995, 0.038000000000000006, 0.048533999999999994, 0.061016, 0.06367, 0.08567399999999999, 0.09660600000000003, 0.119252, 0.11009399999999997, 0.156438, 0.187394, 0.21277399999999996, 0.25881], "0.6": [0.011470000000000001, 0.013188000000000002, 0.015756000000000003, 0.017992, 0.020114, 0.021716000000000003, 0.030372, 0.03427, 0.039757999999999995, 0.05052, 0.05034199999999999, 0.06374200000000001, 0.07954800000000001, 0.094706, 0.10628200000000002, 0.13170199999999999, 0.125248, 0.187822, 0.20190600000000003, 0.221724, 0.224612], "0.65": [0.013388, 0.016286, 0.018996, 0.020338, 0.024571999999999997, 0.028111999999999995, 0.036508, 0.035802, 0.043726, 0.051012, 0.057170000000000006, 0.07812599999999999, 0.08930800000000001, 0.09667399999999998, 0.11325399999999998, 0.13456600000000002, 0.163786, 0.172012, 0.17407799999999998, 0.20505600000000002, 0.23877199999999996], "0.7": [0.016622, 0.019196, 0.020504, 0.025193999999999998, 0.030953999999999995, 0.033538, 0.040246, 0.046424, 0.05028, 0.064488, 0.082536, 0.084084, 0.084192, 0.12994000000000003, 0.12417400000000002, 0.152982, 0.17869200000000002, 0.18000200000000002, 0.19957, 0.211766, 0.22629799999999997], "0.75": [0.018562, 0.023126, 0.027408000000000002, 0.031774, 0.036046, 0.036388000000000004, 0.049266000000000004, 0.04972000000000001, 0.072358, 0.081264, 0.10051799999999998, 0.09464800000000002, 0.130166, 0.13247399999999998, 0.13682799999999998, 0.163864, 0.175456, 0.162714, 0.21466599999999997, 0.20604599999999998, 0.22927], "0.8": [0.026982, 0.029830000000000002, 0.036342, 0.041148, 0.051142, 0.053492, 0.059092000000000006, 0.07397800000000002, 0.08631599999999999, 0.081738, 0.09596, 0.13648200000000002, 0.14530600000000002, 0.149586, 0.166922, 0.164828, 0.19352999999999998, 0.17867999999999998, 0.224792, 0.233884, 0.235244], "0.85": [0.033578000000000004, 0.042346, 0.046340000000000006, 0.05752000000000001, 0.058406, 0.07361400000000001, 0.0776, 0.09647399999999998, 0.08832199999999998, 0.11478999999999999, 0.13410200000000003, 0.13155400000000003, 0.15128199999999997, 0.170724, 0.17747600000000002, 0.212652, 0.196644, 0.219244, 0.21378799999999998, 0.20922999999999997, 0.232362], "0.9": [0.053434, 0.06897, 0.075048, 0.082966, 0.092774, 0.104736, 0.11789000000000001, 0.11491199999999999, 0.137524, 0.176188, 0.15065, 0.17044399999999998, 0.19086399999999998, 0.212288, 0.20575, 0.24348, 0.20968400000000004, 0.22209800000000002, 0.231012, 0.22996199999999997, 0.249432], "0.95": [0.115156, 0.113606, 0.12733199999999997, 0.151662, 0.15463, 0.142244, 0.14548599999999998, 0.17708799999999997, 0.175854, 0.198872, 0.203598, 0.215488, 0.19971599999999998, 0.21432599999999996, 0.21587200000000004, 0.208508, 0.246548, 0.247758, 0.20768799999999998, 0.231136, 0.22694], "1.0": [0.235198, 0.2391, 0.24108600000000002, 0.243604, 0.22514399999999998, 0.22912600000000002, 0.22122200000000003, 0.223216, 0.246158, 0.24778999999999995, 0.260572, 0.252666, 0.260536, 0.22927200000000003, 0.23922600000000002, 0.228476, 0.21848800000000002, 0.20828599999999997, 0.240124, 0.26969, 0.252878]}