{"0.0": [0.0050360000000000005, 0.005368, 0.006128, 0.006928000000000001, 0.00754, 0.008808, 0.009793999999999999, 0.01175, 0.013346, 0.016382, 0.020031999999999998, 0.022629999999999997, 0.027731999999999996, 0.0371, 0.039496, 0.05469, 0.079652, 0.097126, 0.128566, 0.152008, 0.269946], "0.05": [0.005264000000000001, 0.0057740000000000005, 0.006262000000000001, 0.007212, 0.007888, 0.008982, 0.010957999999999999, 0.012325999999999998, 0.013892000000000002, 0.01715, 0.019908000000000002, 0.026120000000000004, 0.030002000000000004, 0.03902800000000001, 0.047118000000000014, 0.054122, 0.07612, 0.103492, 0.13802399999999998, 0.17830200000000002, 0.24961], "0.1": [0.005450000000000002, 0.005968, 0.0067220000000000005, 0.007509999999999999, 0.008442, 0.009524000000000001, 0.011136000000000002, 0.013493999999999999, 0.015204, 0.018098, 0.02125, 0.026158000000000004, 0.033756, 0.037386, 0.05442, 0.061753999999999996, 0.081038, 0.10092400000000001, 0.156672, 0.20456800000000006, 0.233824], "0.15": [0.005591999999999999, 0.006253999999999999, 0.0071179999999999985, 0.007832, 0.008948000000000001, 0.009996, 0.011804000000000002, 0.013381999999999998, 0.016116000000000002, 0.020648, 0.021614, 0.027214000000000006, 0.0339, 0.04255799999999999, 0.05718800000000001, 0.068288, 0.09064800000000002, 0.11993000000000001, 0.160396, 0.19490400000000002, 0.27092], "0.2": [0.006116, 0.006776, 0.007483999999999999, 0.008244, 0.009478, 0.011474000000000002, 0.013054000000000001, 0.014574, 0.017779999999999997, 0.020806, 0.025954, 0.028434000000000004, 0.034710000000000005, 0.042668, 0.06143, 0.0741, 0.10872399999999999, 0.12398600000000001, 0.17612199999999997, 0.20250999999999997, 0.228326], "0.25": [0.006244, 0.006958000000000001, 0.007952, 0.008638, 0.01008, 0.011637999999999997, 0.0131, 0.016044, 0.017835999999999998, 0.025426, 0.026021999999999993, 0.034898000000000005, 0.03784, 0.050142, 0.06194, 0.079176, 0.08671799999999999, 0.124252, 0.137384, 0.20198, 0.232194], "0.3": [0.0065379999999999995, 0.007440000000000001, 0.008519999999999998, 0.009550000000000001, 0.010851999999999999, 0.01284, 0.015082, 0.017606, 0.020448000000000004, 0.024712, 0.029286, 0.035202, 0.040632, 0.05528, 0.064332, 0.09034800000000001, 0.10948600000000001, 0.127614, 0.148366, 0.18691400000000002, 0.229898], "0.35": [0.007292, 0.007989999999999999, 0.009427999999999999, 0.010292, 0.011819999999999999, 0.013500000000000002, 0.016083999999999998, 0.017682, 0.02245, 0.026060000000000003, 0.03318000000000001, 0.037054000000000004, 0.048546, 0.058164, 0.071792, 0.081008, 0.11190400000000002, 0.132434, 0.161622, 0.204036, 0.23506], "0.4": [0.007821999999999999, 0.008622000000000001, 0.009859999999999999, 0.01114, 0.013828, 0.015383999999999998, 0.019202, 0.020772, 0.024558, 0.027978, 0.032618, 0.04336399999999999, 0.04632000000000001, 0.06261599999999999, 0.08183, 0.08840400000000001, 0.09529, 0.129172, 0.18446999999999997, 0.20739800000000003, 0.255402], "0.45": [0.008639999999999998, 0.009178, 0.010353999999999999, 0.012134, 0.01428, 0.016988, 0.019821999999999996, 0.022010000000000005, 0.027791999999999997, 0.03272, 0.041402, 0.048486, 0.054936, 0.064656, 0.07547, 0.093622, 0.130902, 0.15903399999999998, 0.17820600000000003, 0.20338599999999998, 0.25859000000000004], "0.5": [0.009399999999999999, 0.010728000000000001, 0.011936, 0.014264, 0.016262000000000002, 0.01818, 0.022556000000000003, 0.02653, 0.027096, 0.037298000000000005, 0.043786000000000005, 0.053232, 0.061100000000000015, 0.07436599999999999, 0.09230200000000002, 0.10698599999999998, 0.122992, 0.16037600000000002, 0.182844, 0.19662000000000002, 0.23782599999999998], "0.55": [0.010206, 0.011902, 0.013314, 0.015227999999999998, 0.017584, 0.019954, 0.025632000000000005, 0.029450000000000004, 0.034928, 0.04325000000000001, 0.046784, 0.054458, 0.070634, 0.08402, 0.09265200000000001, 0.105374, 0.15013, 0.153826, 0.18498200000000004, 0.21706399999999998, 0.23632799999999998], "0.6": [0.011819999999999999, 0.013602000000000001, 0.014844000000000001, 0.01828, 0.021070000000000002, 0.023244, 0.028712, 0.033986, 0.038911999999999995, 0.043087999999999994, 0.05826799999999999, 0.061176, 0.079516, 0.084466, 0.10022199999999999, 0.15946, 0.15831599999999998, 0.18366, 0.18206399999999998, 0.22198199999999996, 0.262372], "0.65": [0.013343999999999998, 0.01531, 0.017106, 0.021968, 0.024364, 0.029994, 0.031928, 0.037866, 0.044525999999999996, 0.04835999999999999, 0.06468, 0.07218999999999999, 0.08443999999999999, 0.09260399999999999, 0.125588, 0.142544, 0.173008, 0.177058, 0.201544, 0.213718, 0.23226800000000003], "0.7": [0.016988, 0.018907999999999998, 0.021874, 0.02527, 0.031104000000000003, 0.035522, 0.040084, 0.043262, 0.05132, 0.061924, 0.077892, 0.086926, 0.09773599999999999, 0.11907399999999999, 0.11987, 0.13798200000000002, 0.20741400000000007, 0.16411799999999999, 0.21322999999999998, 0.22925600000000002, 0.22482600000000003], "0.75": [0.02082, 0.021396, 0.026288, 0.0317, 0.035966, 0.039259999999999996, 0.049437999999999996, 0.061738, 0.069088, 0.064482, 0.075034, 0.122328, 0.09893, 0.10205199999999999, 0.135826, 0.17313800000000001, 0.19083199999999997, 0.22951600000000003, 0.19780199999999998, 0.218968, 0.243874], "0.8": [0.025874, 0.030242, 0.034626000000000004, 0.04225600000000001, 0.045696, 0.05092000000000001, 0.060556, 0.060911999999999994, 0.07460399999999999, 0.096356, 0.10647399999999997, 0.11540800000000001, 0.12291599999999998, 0.138096, 0.16077000000000002, 0.18449800000000002, 0.19188, 0.20799200000000004, 0.20791800000000002, 0.23624199999999998, 0.25150600000000006], "0.85": [0.033792, 0.04406000000000001, 0.04759, 0.056982, 0.069102, 0.07319800000000001, 0.08980199999999998, 0.09039, 0.09969599999999999, 0.11454600000000001, 0.11187400000000002, 0.147952, 0.12952000000000002, 0.169864, 0.191066, 0.20727, 0.19545800000000002, 0.21967799999999996, 0.21310600000000002, 0.228096, 0.237504], "0.9": [0.055608000000000005, 0.064152, 0.068372, 0.090032, 0.09691800000000002, 0.10061400000000001, 0.129558, 0.116492, 0.12638, 0.148698, 0.14963800000000002, 0.16780199999999998, 0.181372, 0.225912, 0.21313800000000005, 0.209106, 0.20178400000000005, 0.22845799999999997, 0.212972, 0.21947200000000003, 0.24329], "0.95": [0.12094999999999999, 0.124646, 0.140974, 0.153376, 0.14411, 0.156832, 0.180762, 0.180926, 0.18414399999999997, 0.187472, 0.20784, 0.19582199999999997, 0.21605799999999997, 0.23403599999999997, 0.25942, 0.23367199999999996, 0.20983800000000002, 0.21993, 0.22629599999999997, 0.22935, 0.21763199999999996], "1.0": [0.244984, 0.228504, 0.20593599999999998, 0.222916, 0.2469, 0.24606999999999998, 0.246348, 0.23951200000000003, 0.233036, 0.243218, 0.23360799999999998, 0.23835200000000004, 0.259574, 0.24798399999999998, 0.225966, 0.217572, 0.22180600000000003, 0.256822, 0.24917, 0.258622, 0.26601400000000003]}