{"0.0": [0.007423999999999998, 0.00862, 0.010142, 0.013020000000000002, 0.016532, 0.024224000000000002, 0.03580200000000001, 0.073268, 0.300288, 0.607078, 0.67657, 0.705904, 0.720284, 0.730846, 0.7354959999999998, 0.7401859999999999, 0.7439179999999999, 0.745266, 0.7448319999999999, 0.746496, 0.7469079999999999], "0.05": [0.007821999999999999, 0.009222, 0.010962000000000001, 0.013952000000000003, 0.018258, 0.026359999999999998, 0.046856, 0.11959399999999999, 0.432866, 0.642222, 0.68831, 0.7108399999999999, 0.7230219999999999, 0.73166, 0.7372939999999999, 0.7402200000000001, 0.7435639999999999, 0.745158, 0.7459, 0.7467979999999999, 0.7481200000000001], "0.1": [0.008262, 0.009638, 0.011787999999999998, 0.015204000000000002, 0.021572, 0.033636, 0.06554, 0.211724, 0.535114, 0.656926, 0.6934699999999999, 0.7141920000000002, 0.7246859999999999, 0.733636, 0.737236, 0.740084, 0.7439219999999999, 0.7445080000000002, 0.7473059999999999, 0.7462040000000001, 0.7486660000000002], "0.15": [0.008928, 0.010591999999999999, 0.012846, 0.017594000000000002, 0.024796, 0.040443999999999994, 0.08985199999999999, 0.34409599999999996, 0.601268, 0.670018, 0.701162, 0.7181119999999999, 0.725866, 0.732966, 0.7374959999999998, 0.742522, 0.744336, 0.7458619999999999, 0.7456480000000002, 0.747042, 0.746654], "0.2": [0.009546, 0.011572, 0.014403999999999998, 0.019156, 0.031434, 0.053702, 0.148118, 0.506266, 0.63335, 0.68265, 0.7046759999999999, 0.7201059999999999, 0.7308479999999998, 0.73574, 0.740212, 0.742336, 0.74406, 0.7453960000000001, 0.746492, 0.747114, 0.7482840000000001], "0.25": [0.010407999999999999, 0.01266, 0.01662, 0.022705999999999994, 0.038223999999999994, 0.0816, 0.305744, 0.564558, 0.6491019999999998, 0.690762, 0.712542, 0.723188, 0.731578, 0.737594, 0.7388499999999999, 0.7407719999999999, 0.74347, 0.7445819999999999, 0.7471939999999999, 0.7470760000000002, 0.747334], "0.3": [0.011570000000000002, 0.014716, 0.020275999999999995, 0.030158, 0.056114, 0.13589, 0.4251520000000001, 0.606822, 0.672502, 0.6994539999999999, 0.71476, 0.72608, 0.731738, 0.7381359999999999, 0.740898, 0.7427579999999999, 0.7433820000000001, 0.745354, 0.7471720000000001, 0.7462839999999998, 0.7480020000000001], "0.35": [0.013048000000000002, 0.016814, 0.023908, 0.041454000000000005, 0.09167599999999998, 0.267796, 0.5663819999999999, 0.644278, 0.6833800000000001, 0.70528, 0.71981, 0.7280919999999999, 0.7341820000000001, 0.737252, 0.7419359999999999, 0.744118, 0.7431220000000002, 0.746564, 0.747216, 0.74792, 0.7483220000000002], "0.4": [0.014905999999999999, 0.021307999999999997, 0.035074, 0.05898200000000001, 0.17739799999999994, 0.419608, 0.61292, 0.66199, 0.6938219999999999, 0.7089760000000002, 0.723816, 0.7303420000000002, 0.735328, 0.7386760000000001, 0.7417599999999999, 0.7436800000000001, 0.7438060000000002, 0.7456000000000002, 0.747872, 0.7476900000000001, 0.747646], "0.45": [0.018455999999999997, 0.025854, 0.048326, 0.097548, 0.32801400000000003, 0.549268, 0.63174, 0.67442, 0.6994180000000001, 0.714024, 0.727256, 0.7319820000000001, 0.73501, 0.740674, 0.7427779999999999, 0.7444019999999999, 0.7448279999999999, 0.746926, 0.746294, 0.7474160000000001, 0.7473240000000001], "0.5": [0.022808, 0.037953999999999995, 0.081318, 0.225852, 0.48893000000000003, 0.604392, 0.657272, 0.6856040000000001, 0.7065679999999999, 0.7180940000000001, 0.727592, 0.7335119999999999, 0.7376619999999999, 0.7404139999999999, 0.7436060000000001, 0.745312, 0.7455099999999999, 0.747396, 0.7463959999999998, 0.7471519999999999, 0.7469939999999999], "0.55": [0.032472, 0.071984, 0.16768800000000003, 0.42430200000000007, 0.568662, 0.638224, 0.672252, 0.6966879999999999, 0.7138879999999999, 0.7221920000000001, 0.730256, 0.7368000000000001, 0.7397119999999999, 0.74178, 0.743244, 0.7446459999999999, 0.7461220000000001, 0.7459220000000001, 0.7474120000000001, 0.746486, 0.74635], "0.6": [0.06328399999999999, 0.16497799999999999, 0.38968600000000003, 0.54885, 0.618362, 0.659402, 0.6865419999999999, 0.7046260000000001, 0.717804, 0.726424, 0.732592, 0.73821, 0.740326, 0.7430099999999998, 0.7431719999999998, 0.746392, 0.745716, 0.7458739999999999, 0.7462779999999999, 0.7469600000000001, 0.7476939999999999], "0.65": [0.158322, 0.384524, 0.5302399999999999, 0.6032160000000001, 0.64581, 0.675928, 0.6972479999999999, 0.7117200000000001, 0.722856, 0.7297999999999999, 0.7355380000000001, 0.7388159999999999, 0.74084, 0.7430999999999999, 0.744868, 0.7454360000000001, 0.7456999999999999, 0.7478739999999999, 0.747202, 0.7467259999999999, 0.7467960000000001], "0.7": [0.409604, 0.526428, 0.5892839999999999, 0.630686, 0.669304, 0.6884139999999997, 0.7084999999999999, 0.718804, 0.725284, 0.7336660000000002, 0.737668, 0.740556, 0.7427079999999999, 0.743768, 0.7452180000000002, 0.746088, 0.7463640000000001, 0.7473500000000002, 0.74554, 0.7467440000000001, 0.746152], "0.75": [0.519278, 0.57972, 0.626454, 0.65811, 0.685522, 0.701616, 0.716084, 0.724204, 0.732548, 0.736526, 0.7397659999999999, 0.740238, 0.7428, 0.7444019999999999, 0.7465040000000001, 0.745008, 0.7464600000000001, 0.747294, 0.7481079999999999, 0.7482239999999999, 0.7472840000000001], "0.8": [0.581906, 0.6195480000000001, 0.653126, 0.6815339999999999, 0.699468, 0.7142000000000001, 0.722058, 0.730722, 0.733874, 0.7387699999999998, 0.741394, 0.741586, 0.745746, 0.7434000000000001, 0.7456139999999999, 0.7461480000000001, 0.7477719999999999, 0.746286, 0.7460139999999998, 0.7469919999999999, 0.7473839999999999], "0.85": [0.6271979999999999, 0.6565899999999999, 0.682106, 0.7006240000000001, 0.713598, 0.723224, 0.7283240000000001, 0.7346940000000001, 0.738954, 0.7420640000000001, 0.743916, 0.743168, 0.7446060000000001, 0.7462240000000001, 0.745792, 0.746858, 0.7465900000000002, 0.747296, 0.7473740000000001, 0.747468, 0.746728], "0.9": [0.6687299999999999, 0.69023, 0.70439, 0.7165619999999998, 0.7260079999999999, 0.73179, 0.7363679999999998, 0.738584, 0.7425280000000002, 0.742636, 0.7443780000000001, 0.74541, 0.745752, 0.7454700000000001, 0.746416, 0.748586, 0.7466240000000002, 0.747586, 0.746762, 0.7480399999999999, 0.747324], "0.95": [0.7090259999999999, 0.7187079999999999, 0.7275260000000001, 0.733438, 0.736798, 0.7389819999999999, 0.7422279999999999, 0.7440479999999999, 0.7437719999999999, 0.7462139999999999, 0.746318, 0.746734, 0.7469239999999999, 0.7472399999999999, 0.7469480000000001, 0.7461540000000001, 0.747586, 0.7483339999999999, 0.747702, 0.7492779999999999, 0.7476559999999999], "1.0": [0.747842, 0.7478680000000001, 0.746914, 0.7466099999999999, 0.7464780000000001, 0.7474840000000001, 0.747554, 0.74851, 0.7464360000000001, 0.7476939999999999, 0.7489500000000002, 0.7478939999999998, 0.747144, 0.7485979999999998, 0.7474579999999998, 0.7480160000000001, 0.7472479999999999, 0.746958, 0.747482, 0.74806, 0.7488359999999998]}