{"0.0": [0.0075320000000000005, 0.008564, 0.009839999999999998, 0.012055999999999997, 0.0161, 0.023409999999999997, 0.040957999999999994, 0.083428, 0.3261, 0.60301, 0.6766380000000001, 0.7053539999999999, 0.722032, 0.7307299999999999, 0.7371459999999999, 0.7398839999999999, 0.7441399999999999, 0.74604, 0.746668, 0.7464719999999998, 0.7466220000000001], "0.05": [0.007834, 0.009166, 0.011252, 0.01405, 0.017762, 0.028782000000000002, 0.047298, 0.11787799999999998, 0.455852, 0.634548, 0.6873019999999999, 0.710548, 0.723046, 0.73202, 0.7381979999999999, 0.7400540000000001, 0.7425639999999999, 0.7459339999999999, 0.7473000000000001, 0.7481220000000001, 0.747918], "0.1": [0.008334000000000001, 0.009786, 0.011918, 0.015634, 0.022109999999999998, 0.034912, 0.074914, 0.22057000000000002, 0.52771, 0.652338, 0.693928, 0.713034, 0.7243080000000001, 0.7324039999999999, 0.7394660000000001, 0.743034, 0.7440819999999999, 0.744648, 0.7459380000000002, 0.7467920000000001, 0.7483379999999998], "0.15": [0.008856000000000001, 0.010416000000000002, 0.0132, 0.017874, 0.02561, 0.04179, 0.084576, 0.296508, 0.596278, 0.6728219999999999, 0.702222, 0.7159880000000001, 0.726826, 0.73418, 0.7380540000000001, 0.7431460000000001, 0.74292, 0.7456219999999999, 0.746876, 0.748116, 0.7484100000000002], "0.2": [0.009488000000000002, 0.011683999999999998, 0.014157999999999999, 0.020838000000000002, 0.029352, 0.053226, 0.14707599999999998, 0.4686, 0.6286660000000001, 0.680822, 0.7066319999999999, 0.7203760000000001, 0.7285859999999998, 0.7355560000000001, 0.740184, 0.7424099999999999, 0.743224, 0.7455960000000001, 0.7468339999999999, 0.747102, 0.7475120000000001], "0.25": [0.010282000000000003, 0.012732, 0.016322, 0.023804, 0.038562, 0.07641800000000001, 0.29293199999999997, 0.563508, 0.656638, 0.6909519999999999, 0.7111040000000002, 0.724512, 0.7313279999999999, 0.735884, 0.7393379999999999, 0.74274, 0.7449439999999998, 0.7456619999999999, 0.7467060000000001, 0.7462479999999999, 0.7470280000000001], "0.3": [0.011314000000000001, 0.014384, 0.019484, 0.030066000000000002, 0.053908000000000005, 0.14990000000000003, 0.44101799999999997, 0.6027939999999999, 0.666886, 0.699202, 0.714084, 0.725976, 0.7329300000000001, 0.737038, 0.740332, 0.7426699999999999, 0.7438500000000002, 0.7454139999999999, 0.746666, 0.746208, 0.74845], "0.35": [0.013132, 0.017234, 0.023294000000000002, 0.041486, 0.09277399999999998, 0.28760800000000003, 0.544694, 0.6450680000000001, 0.6826500000000002, 0.7028340000000002, 0.717782, 0.728858, 0.7355520000000001, 0.7382719999999999, 0.7415999999999998, 0.7436119999999999, 0.745988, 0.745712, 0.746826, 0.746884, 0.7476179999999999], "0.4": [0.015326, 0.020614, 0.029842, 0.06493600000000001, 0.148592, 0.444818, 0.604608, 0.6633279999999999, 0.6938960000000001, 0.709082, 0.7214019999999999, 0.7300719999999999, 0.7355919999999999, 0.7387159999999998, 0.742328, 0.7432960000000002, 0.7456659999999998, 0.74515, 0.7460939999999999, 0.7474239999999999, 0.7484179999999999], "0.45": [0.018609999999999998, 0.026201999999999996, 0.045362, 0.11253600000000001, 0.32442400000000005, 0.564826, 0.6397800000000001, 0.6760799999999999, 0.699236, 0.7145999999999999, 0.725982, 0.732406, 0.735672, 0.741536, 0.7424579999999998, 0.7447659999999999, 0.7461300000000002, 0.7451320000000001, 0.7469619999999999, 0.7469119999999999, 0.7460559999999999], "0.5": [0.024918, 0.040504, 0.074866, 0.20278599999999997, 0.505066, 0.609932, 0.6564, 0.6875739999999999, 0.7078019999999999, 0.71839, 0.728532, 0.7329720000000002, 0.739678, 0.741686, 0.741896, 0.7445519999999999, 0.7451380000000001, 0.7461699999999999, 0.7461300000000002, 0.747212, 0.748198], "0.55": [0.035472000000000004, 0.06364399999999999, 0.185062, 0.42773000000000005, 0.5794380000000001, 0.639096, 0.6731880000000001, 0.6972180000000001, 0.7115859999999999, 0.723696, 0.730548, 0.7358500000000001, 0.740458, 0.74289, 0.7439560000000001, 0.745832, 0.745504, 0.7470819999999999, 0.745946, 0.7470059999999998, 0.7477159999999999], "0.6": [0.06130200000000001, 0.157652, 0.40147400000000005, 0.555448, 0.621, 0.6578999999999999, 0.6877539999999999, 0.705292, 0.7188900000000001, 0.7257979999999999, 0.733666, 0.7368079999999999, 0.7409939999999999, 0.7437699999999999, 0.744062, 0.7465599999999999, 0.745262, 0.745596, 0.747908, 0.7470659999999999, 0.747998], "0.65": [0.171328, 0.393516, 0.5372399999999999, 0.6018640000000001, 0.64737, 0.6764119999999998, 0.6987400000000001, 0.7136960000000001, 0.7224200000000001, 0.73, 0.735986, 0.738652, 0.7423040000000001, 0.742588, 0.743038, 0.7456020000000001, 0.746974, 0.7465400000000001, 0.7474799999999999, 0.74759, 0.748594], "0.7": [0.407544, 0.5224799999999999, 0.589568, 0.63365, 0.6664380000000001, 0.690056, 0.706496, 0.718224, 0.728682, 0.7332520000000001, 0.73762, 0.7406460000000001, 0.743052, 0.744634, 0.7453019999999999, 0.7452880000000001, 0.7463980000000001, 0.7478139999999999, 0.7478259999999999, 0.7476759999999999, 0.7482300000000001], "0.75": [0.518986, 0.5807859999999999, 0.62322, 0.6578999999999999, 0.684618, 0.7021200000000001, 0.714842, 0.7243120000000001, 0.7312259999999999, 0.7356579999999999, 0.74066, 0.7416640000000001, 0.7429260000000001, 0.7447119999999999, 0.7457720000000001, 0.746622, 0.7463540000000001, 0.7467039999999998, 0.748396, 0.7492359999999999, 0.7480160000000001], "0.8": [0.581476, 0.6221620000000001, 0.6556120000000001, 0.6811060000000001, 0.6987380000000001, 0.7134619999999999, 0.7237560000000001, 0.7296360000000002, 0.7349020000000002, 0.7396720000000001, 0.7426660000000002, 0.743446, 0.7443060000000001, 0.7453460000000001, 0.7459720000000002, 0.7463320000000002, 0.747076, 0.747718, 0.7475459999999999, 0.7468779999999999, 0.7476700000000001], "0.85": [0.6267300000000001, 0.65909, 0.6803560000000001, 0.7004799999999999, 0.712608, 0.7225980000000001, 0.7299420000000001, 0.7347640000000001, 0.7383699999999999, 0.7397499999999999, 0.7432539999999999, 0.744808, 0.7447019999999999, 0.7462420000000001, 0.7469880000000001, 0.7469800000000001, 0.746652, 0.7479199999999999, 0.747638, 0.7473420000000001, 0.746724], "0.9": [0.668492, 0.6900740000000001, 0.704882, 0.7169, 0.7263379999999999, 0.73189, 0.7354599999999999, 0.7392980000000001, 0.7419880000000001, 0.743506, 0.745028, 0.7463700000000002, 0.7460999999999999, 0.746542, 0.746542, 0.7470779999999999, 0.7474319999999999, 0.7464359999999999, 0.746456, 0.7474620000000001, 0.7477380000000001], "0.95": [0.7094020000000001, 0.7201079999999999, 0.728316, 0.732652, 0.7377740000000002, 0.7398160000000001, 0.7414299999999998, 0.743472, 0.744678, 0.7453019999999999, 0.746254, 0.7458260000000001, 0.7465140000000001, 0.7464059999999999, 0.7468960000000001, 0.7482840000000001, 0.746216, 0.7468379999999999, 0.74752, 0.7484440000000001, 0.74738], "1.0": [0.7482139999999999, 0.747612, 0.7468659999999998, 0.74747, 0.74655, 0.748666, 0.7487940000000001, 0.747496, 0.74642, 0.7481620000000001, 0.748202, 0.7474320000000002, 0.7474220000000001, 0.7471839999999998, 0.74682, 0.7476179999999999, 0.746824, 0.74736, 0.748502, 0.748176, 0.7476759999999999]}