{"0.0": [0.007452000000000001, 0.008495999999999998, 0.01023, 0.012036, 0.016378, 0.023952, 0.04047799999999999, 0.090672, 0.292508, 0.605972, 0.676136, 0.7059839999999998, 0.723194, 0.7304419999999999, 0.7361600000000001, 0.7395860000000001, 0.743352, 0.7452580000000001, 0.745588, 0.7464160000000001, 0.7473559999999999], "0.05": [0.007925999999999999, 0.009116, 0.011113999999999999, 0.013242, 0.01845, 0.026378, 0.051676, 0.12646999999999997, 0.41863800000000007, 0.638166, 0.684832, 0.7102299999999998, 0.7223, 0.733476, 0.7362579999999999, 0.742364, 0.742198, 0.7460600000000001, 0.7460460000000001, 0.745836, 0.746996], "0.1": [0.008272, 0.00969, 0.012054, 0.015043999999999997, 0.020242000000000003, 0.035196, 0.065162, 0.18856400000000004, 0.53874, 0.6557000000000001, 0.6908639999999999, 0.7157040000000001, 0.7252619999999999, 0.7332899999999999, 0.737802, 0.7406280000000001, 0.7411319999999999, 0.7462879999999998, 0.746096, 0.7478840000000001, 0.7472840000000001], "0.15": [0.008801999999999999, 0.010536, 0.013592000000000002, 0.017554, 0.026422000000000005, 0.038746, 0.103384, 0.312344, 0.5970960000000001, 0.6696879999999998, 0.6975219999999999, 0.717114, 0.7300040000000001, 0.734812, 0.738284, 0.7417020000000001, 0.7432060000000001, 0.745234, 0.7460440000000002, 0.746838, 0.7468080000000001], "0.2": [0.009686, 0.011704, 0.015026, 0.019790000000000002, 0.029022000000000003, 0.05368200000000001, 0.16954799999999998, 0.47499600000000003, 0.633168, 0.6788460000000001, 0.70835, 0.7200279999999999, 0.7294740000000001, 0.7358919999999999, 0.7401040000000001, 0.7417140000000001, 0.7441700000000001, 0.7443159999999999, 0.7468180000000001, 0.7468839999999999, 0.7474240000000001], "0.25": [0.010584, 0.012882, 0.016988, 0.023509999999999996, 0.038914000000000004, 0.07877200000000001, 0.293084, 0.550436, 0.654782, 0.6876419999999999, 0.7105839999999999, 0.723348, 0.733558, 0.7363819999999999, 0.7409540000000001, 0.743266, 0.7442859999999999, 0.745344, 0.745752, 0.74752, 0.7473779999999998], "0.3": [0.011894, 0.014436, 0.019888, 0.029796, 0.055606, 0.16040600000000002, 0.42289, 0.6150240000000001, 0.6726819999999999, 0.6982679999999999, 0.7152759999999998, 0.725176, 0.7312359999999998, 0.736856, 0.7415559999999999, 0.743464, 0.74562, 0.7454899999999999, 0.746422, 0.746918, 0.748162], "0.35": [0.0133, 0.017268, 0.023554, 0.039274, 0.08692800000000002, 0.243172, 0.531498, 0.63984, 0.682824, 0.7037199999999999, 0.7208580000000001, 0.728228, 0.736164, 0.739388, 0.7417460000000001, 0.7425520000000002, 0.745162, 0.746768, 0.746886, 0.747436, 0.7481220000000001], "0.4": [0.014646000000000001, 0.020426000000000003, 0.031216000000000004, 0.055339999999999986, 0.15399, 0.43544400000000005, 0.610248, 0.654908, 0.6926359999999999, 0.7108940000000001, 0.721424, 0.7304460000000002, 0.735154, 0.740472, 0.7430480000000002, 0.74448, 0.744918, 0.746406, 0.7449619999999999, 0.7467999999999999, 0.748664], "0.45": [0.018158, 0.027812, 0.041706, 0.09471800000000002, 0.30216, 0.559192, 0.6370560000000001, 0.6747660000000001, 0.7009820000000001, 0.714068, 0.725328, 0.7321740000000001, 0.7373000000000001, 0.7399600000000001, 0.7424679999999999, 0.7427900000000001, 0.7443719999999999, 0.7467400000000001, 0.7462059999999998, 0.7464980000000001, 0.7478560000000002], "0.5": [0.024268, 0.03747, 0.08035, 0.24357199999999998, 0.5040540000000001, 0.606354, 0.652398, 0.6872399999999999, 0.7072779999999999, 0.719216, 0.7279419999999999, 0.7345259999999999, 0.739366, 0.7404599999999999, 0.7428579999999999, 0.74468, 0.7453780000000001, 0.747234, 0.7459179999999997, 0.7462519999999999, 0.747236], "0.55": [0.037038, 0.06977, 0.16665600000000003, 0.44685600000000003, 0.5786680000000001, 0.637304, 0.6738799999999999, 0.6987699999999998, 0.7117160000000001, 0.7225859999999998, 0.730714, 0.735982, 0.7382040000000001, 0.742676, 0.7441879999999998, 0.7450580000000001, 0.7467180000000002, 0.746964, 0.746548, 0.7479040000000002, 0.747322], "0.6": [0.06511, 0.17175, 0.384172, 0.5536840000000001, 0.6188859999999999, 0.6587520000000001, 0.686984, 0.70479, 0.7188319999999999, 0.72721, 0.7335419999999999, 0.7367919999999999, 0.7397420000000001, 0.74206, 0.7439559999999998, 0.7460000000000001, 0.745782, 0.7474540000000001, 0.747518, 0.7461000000000001, 0.7472880000000001], "0.65": [0.16457199999999997, 0.382834, 0.5320039999999999, 0.5982220000000001, 0.6460760000000001, 0.6773059999999999, 0.69852, 0.71211, 0.723598, 0.7300639999999998, 0.735916, 0.7394320000000001, 0.7423500000000002, 0.744132, 0.7449800000000001, 0.746256, 0.746504, 0.746608, 0.748112, 0.7483759999999999, 0.7483999999999998], "0.7": [0.40117800000000003, 0.517972, 0.591168, 0.636166, 0.667272, 0.689904, 0.70732, 0.718698, 0.7279920000000001, 0.7335000000000003, 0.736944, 0.741028, 0.7429859999999999, 0.74432, 0.7445939999999999, 0.7454139999999999, 0.745908, 0.745912, 0.7467480000000001, 0.7471660000000001, 0.748744], "0.75": [0.522664, 0.582226, 0.62381, 0.6587599999999999, 0.6838159999999999, 0.7028600000000002, 0.716836, 0.7238060000000001, 0.730944, 0.735982, 0.7377200000000002, 0.741938, 0.7434700000000001, 0.745584, 0.746298, 0.745526, 0.74714, 0.7472040000000001, 0.746904, 0.7478060000000001, 0.747254], "0.8": [0.581214, 0.621564, 0.655742, 0.6796799999999998, 0.6993560000000001, 0.715548, 0.722736, 0.729058, 0.73547, 0.738586, 0.740832, 0.7423599999999999, 0.7445240000000001, 0.7448359999999999, 0.7449680000000001, 0.747448, 0.746406, 0.7467419999999998, 0.74837, 0.747712, 0.7463699999999999], "0.85": [0.627382, 0.6559539999999999, 0.682098, 0.699346, 0.7137979999999999, 0.7237699999999999, 0.7302540000000001, 0.7352319999999999, 0.7382520000000001, 0.742206, 0.742466, 0.744092, 0.7450979999999998, 0.7461179999999998, 0.7468720000000001, 0.7464240000000001, 0.7475420000000002, 0.7475099999999999, 0.7472219999999998, 0.7486719999999998, 0.7472540000000001], "0.9": [0.6700059999999999, 0.6893579999999999, 0.705298, 0.7171080000000001, 0.725408, 0.73237, 0.736606, 0.7390519999999999, 0.7418879999999999, 0.7437360000000001, 0.744598, 0.7436519999999999, 0.74663, 0.745972, 0.7469439999999998, 0.7465120000000001, 0.747336, 0.74739, 0.74621, 0.7466980000000001, 0.7466539999999999], "0.95": [0.709774, 0.7186400000000001, 0.72685, 0.732474, 0.738, 0.739166, 0.742404, 0.742846, 0.7444339999999999, 0.745428, 0.7451979999999999, 0.7468819999999999, 0.7469359999999999, 0.7470419999999999, 0.7476659999999999, 0.748436, 0.747418, 0.748194, 0.74737, 0.748354, 0.747674], "1.0": [0.7479280000000001, 0.748074, 0.747808, 0.748272, 0.748616, 0.7474240000000001, 0.747846, 0.7479, 0.7465319999999999, 0.7463339999999999, 0.747596, 0.7479939999999999, 0.7480359999999999, 0.748512, 0.7471879999999999, 0.748272, 0.7471860000000001, 0.74712, 0.7462240000000001, 0.7474160000000001, 0.747834]}