{"0.0": [0.007363999999999999, 0.008654, 0.01033, 0.013142000000000001, 0.016312000000000004, 0.024158, 0.03916, 0.08216400000000001, 0.3628559999999999, 0.5916699999999999, 0.676598, 0.705598, 0.7204540000000001, 0.7300279999999999, 0.7363879999999999, 0.7401580000000001, 0.742762, 0.745516, 0.7455839999999999, 0.747726, 0.747532], "0.05": [0.007921999999999998, 0.009296, 0.01104, 0.013916, 0.018144, 0.026854, 0.05149, 0.134078, 0.4051760000000001, 0.6249939999999999, 0.687368, 0.7083740000000001, 0.72417, 0.731228, 0.7356860000000001, 0.7405320000000001, 0.74304, 0.7448400000000001, 0.7465999999999999, 0.745904, 0.7468459999999998], "0.1": [0.008308, 0.00979, 0.011984000000000002, 0.015523999999999998, 0.020569999999999998, 0.034958, 0.065136, 0.20818200000000003, 0.550292, 0.656058, 0.6925540000000001, 0.7138420000000001, 0.726284, 0.733006, 0.738032, 0.740332, 0.743458, 0.7440620000000001, 0.7456060000000001, 0.7472900000000001, 0.748296], "0.15": [0.008914, 0.010519999999999998, 0.012968, 0.01706, 0.025283999999999994, 0.04322800000000001, 0.100772, 0.318926, 0.5970639999999999, 0.6740559999999999, 0.6995920000000002, 0.7173719999999999, 0.7299500000000001, 0.7344780000000002, 0.738832, 0.7423660000000001, 0.7429220000000001, 0.7462040000000001, 0.74729, 0.7470680000000001, 0.747754], "0.2": [0.009519999999999999, 0.011536000000000001, 0.015066, 0.020342, 0.029948000000000002, 0.05441, 0.14642999999999998, 0.48265, 0.633868, 0.6811219999999999, 0.706262, 0.72031, 0.728744, 0.735354, 0.7396299999999999, 0.742844, 0.7433479999999997, 0.7454559999999999, 0.7460359999999998, 0.7465219999999999, 0.7477160000000002], "0.25": [0.01024, 0.012629999999999999, 0.016766, 0.022198000000000002, 0.040470000000000006, 0.08606, 0.304298, 0.5567799999999999, 0.655004, 0.69297, 0.7106399999999999, 0.725012, 0.731112, 0.73634, 0.7396100000000001, 0.7425039999999999, 0.7443180000000001, 0.74655, 0.746456, 0.7465299999999999, 0.746842], "0.3": [0.011264000000000001, 0.015125999999999999, 0.020162, 0.029264, 0.051258, 0.13824000000000003, 0.42576800000000004, 0.615408, 0.6712180000000001, 0.6997979999999998, 0.71451, 0.7255280000000001, 0.7321179999999999, 0.73705, 0.7401379999999999, 0.743038, 0.7449600000000001, 0.74499, 0.7453079999999999, 0.7469839999999998, 0.747532], "0.35": [0.012909999999999998, 0.017434, 0.024564, 0.037988, 0.08499000000000001, 0.272624, 0.557266, 0.6438640000000001, 0.684102, 0.7032780000000001, 0.7179059999999999, 0.727402, 0.734382, 0.738654, 0.740794, 0.743424, 0.744562, 0.745274, 0.7463979999999999, 0.7474420000000002, 0.74753], "0.4": [0.014798, 0.020838000000000002, 0.031044000000000006, 0.05227, 0.15599400000000002, 0.42294400000000004, 0.609562, 0.664264, 0.691802, 0.70875, 0.721462, 0.729936, 0.7355919999999999, 0.739546, 0.7420160000000001, 0.7436399999999999, 0.744778, 0.7464839999999999, 0.7470419999999999, 0.747398, 0.7479159999999999], "0.45": [0.018437999999999996, 0.0269, 0.040038, 0.10401599999999998, 0.34159799999999996, 0.5562980000000001, 0.6357820000000001, 0.675942, 0.698652, 0.714144, 0.7243879999999998, 0.731028, 0.7366039999999999, 0.741344, 0.741934, 0.7445379999999999, 0.7450439999999999, 0.7459699999999999, 0.746304, 0.746924, 0.747572], "0.5": [0.025405999999999995, 0.037206, 0.07568, 0.239912, 0.504216, 0.608148, 0.656858, 0.6867260000000001, 0.707436, 0.720424, 0.729256, 0.7340740000000001, 0.738346, 0.7411639999999998, 0.743978, 0.745878, 0.745232, 0.7466339999999998, 0.7473199999999999, 0.746828, 0.748696], "0.55": [0.034038000000000006, 0.073778, 0.17831799999999998, 0.437684, 0.580282, 0.638888, 0.6747240000000002, 0.69672, 0.712858, 0.723446, 0.731546, 0.7354280000000002, 0.73905, 0.7412219999999999, 0.744416, 0.744922, 0.746246, 0.7472840000000001, 0.7464280000000001, 0.7471919999999999, 0.7463859999999998], "0.6": [0.060542000000000006, 0.158668, 0.41106200000000004, 0.556158, 0.616942, 0.6602, 0.684362, 0.705554, 0.7178920000000001, 0.727612, 0.732658, 0.7366799999999999, 0.740788, 0.7426560000000001, 0.745308, 0.744818, 0.745984, 0.7472639999999999, 0.7462300000000001, 0.746998, 0.748236], "0.65": [0.163444, 0.40676400000000007, 0.5363600000000001, 0.6011799999999999, 0.647068, 0.677762, 0.6982980000000001, 0.713194, 0.7239220000000001, 0.728994, 0.7353179999999999, 0.739064, 0.7414000000000001, 0.7423339999999999, 0.744764, 0.746146, 0.7457740000000002, 0.7480840000000001, 0.7472439999999999, 0.7472600000000001, 0.7473180000000003], "0.7": [0.403848, 0.5223340000000001, 0.5890040000000001, 0.63082, 0.6669539999999999, 0.690266, 0.707928, 0.718518, 0.7266600000000001, 0.7336280000000001, 0.7366900000000001, 0.740312, 0.7428739999999999, 0.7447720000000001, 0.7445, 0.7464660000000001, 0.7471000000000001, 0.7475639999999999, 0.7471539999999999, 0.747018, 0.746818], "0.75": [0.519256, 0.581466, 0.6263120000000001, 0.6600460000000001, 0.6860259999999999, 0.7024360000000001, 0.7156739999999999, 0.7251119999999999, 0.7318339999999999, 0.7351900000000002, 0.738474, 0.742452, 0.7443139999999999, 0.7442099999999999, 0.7442700000000002, 0.7472399999999999, 0.746846, 0.7467239999999999, 0.7477119999999999, 0.746896, 0.7474719999999999], "0.8": [0.580036, 0.623118, 0.6551119999999999, 0.68072, 0.7008920000000001, 0.713034, 0.722872, 0.7299219999999998, 0.7340479999999999, 0.739572, 0.7406859999999998, 0.7431399999999999, 0.7440739999999999, 0.744632, 0.7459339999999999, 0.7463400000000001, 0.74785, 0.74689, 0.7475840000000001, 0.747188, 0.748196], "0.85": [0.6265740000000001, 0.6577679999999999, 0.6820080000000001, 0.7003920000000001, 0.7118360000000001, 0.722842, 0.7285039999999999, 0.7341480000000001, 0.738084, 0.7408519999999998, 0.7427360000000002, 0.743852, 0.7458019999999999, 0.745446, 0.7467699999999999, 0.7474819999999999, 0.748456, 0.7471860000000001, 0.7471140000000002, 0.7465960000000001, 0.7468320000000002], "0.9": [0.6680940000000001, 0.688518, 0.70408, 0.717052, 0.72508, 0.7314, 0.7354839999999999, 0.740112, 0.7416499999999999, 0.7438280000000002, 0.743586, 0.7445020000000001, 0.7467480000000001, 0.747212, 0.747714, 0.7484720000000001, 0.74827, 0.7465199999999999, 0.7469020000000001, 0.74804, 0.7483540000000001], "0.95": [0.707582, 0.7203399999999999, 0.7265260000000001, 0.732886, 0.7363000000000001, 0.740702, 0.7418299999999999, 0.743618, 0.7452159999999999, 0.7463220000000002, 0.7468299999999999, 0.7457039999999999, 0.7475420000000002, 0.7466060000000002, 0.7469079999999999, 0.748234, 0.746188, 0.747794, 0.7477879999999999, 0.7489159999999999, 0.747234], "1.0": [0.7480759999999997, 0.7476520000000001, 0.7478899999999998, 0.747684, 0.7473380000000001, 0.7476160000000001, 0.7474759999999999, 0.746504, 0.748638, 0.7475099999999999, 0.746576, 0.7469939999999999, 0.7467979999999999, 0.747052, 0.747522, 0.748256, 0.7476220000000001, 0.747118, 0.7495040000000001, 0.7485040000000001, 0.7482660000000001]}