{"0.0": [0.007467999999999999, 0.008674, 0.010184, 0.012542, 0.016654, 0.024256000000000003, 0.036998, 0.08582999999999999, 0.27284400000000003, 0.6082839999999999, 0.6775639999999999, 0.704538, 0.723146, 0.7289180000000001, 0.7362120000000002, 0.739856, 0.7430819999999998, 0.7461839999999998, 0.7455459999999998, 0.7472899999999999, 0.747298], "0.05": [0.007792, 0.009148, 0.010728000000000001, 0.013864000000000001, 0.019254, 0.028083999999999998, 0.047473999999999995, 0.123918, 0.43848, 0.6403880000000001, 0.6830940000000001, 0.7098760000000002, 0.723824, 0.7310599999999999, 0.73584, 0.74134, 0.743664, 0.7465220000000001, 0.7466539999999999, 0.7469, 0.7479520000000001], "0.1": [0.008433999999999999, 0.009822, 0.012006000000000001, 0.015261999999999998, 0.021908000000000004, 0.033818, 0.063572, 0.19650600000000001, 0.511976, 0.6543960000000001, 0.6940540000000002, 0.7129679999999999, 0.7257119999999999, 0.733288, 0.7386439999999999, 0.7402900000000001, 0.743434, 0.746062, 0.7461199999999999, 0.7478800000000001, 0.7467559999999999], "0.15": [0.008922, 0.010404, 0.013092000000000001, 0.017404, 0.026087999999999997, 0.041604, 0.085976, 0.338338, 0.6065520000000001, 0.67203, 0.6981440000000001, 0.7174900000000001, 0.72762, 0.7351100000000002, 0.7386019999999999, 0.742196, 0.7445, 0.7452500000000002, 0.745592, 0.74717, 0.7472759999999999], "0.2": [0.009645999999999998, 0.011468, 0.01464, 0.019848, 0.030084, 0.052796, 0.16258199999999998, 0.474086, 0.631252, 0.682944, 0.7058279999999999, 0.7222339999999999, 0.7281780000000001, 0.734812, 0.739064, 0.7430279999999999, 0.743728, 0.745334, 0.746034, 0.746852, 0.7470640000000001], "0.25": [0.01029, 0.01307, 0.015896, 0.024898000000000003, 0.038866, 0.07801399999999999, 0.27788, 0.56341, 0.6581980000000001, 0.6899080000000001, 0.7112599999999999, 0.7228060000000002, 0.7306240000000002, 0.7356520000000001, 0.73915, 0.7432679999999999, 0.7442680000000002, 0.744762, 0.746258, 0.74739, 0.7476460000000001], "0.3": [0.011322, 0.014972000000000001, 0.019742000000000003, 0.028003999999999998, 0.056664000000000006, 0.133352, 0.439334, 0.615704, 0.67058, 0.69745, 0.7153839999999999, 0.724148, 0.731278, 0.7372280000000001, 0.7405659999999998, 0.74182, 0.743666, 0.744834, 0.7475879999999999, 0.7469360000000002, 0.7477459999999999], "0.35": [0.013134, 0.016984, 0.023918, 0.040548, 0.08466000000000001, 0.279436, 0.5541739999999999, 0.646298, 0.683292, 0.7041839999999999, 0.719488, 0.72809, 0.7333860000000001, 0.738946, 0.7406100000000001, 0.7430340000000001, 0.744932, 0.745992, 0.747094, 0.746584, 0.7482360000000001], "0.4": [0.014895999999999998, 0.020730000000000005, 0.03203, 0.054155999999999996, 0.157522, 0.422442, 0.60768, 0.665102, 0.69218, 0.710188, 0.7228220000000001, 0.730246, 0.735852, 0.739408, 0.74175, 0.74405, 0.744876, 0.7465119999999998, 0.7469739999999999, 0.7467519999999999, 0.7473399999999999], "0.45": [0.018368, 0.026604000000000003, 0.04521, 0.113802, 0.325118, 0.5594979999999999, 0.638746, 0.67413, 0.7014360000000001, 0.7147080000000001, 0.7255639999999999, 0.731452, 0.7366640000000001, 0.7414459999999999, 0.74105, 0.743438, 0.744422, 0.7459399999999999, 0.7462099999999999, 0.747204, 0.748176], "0.5": [0.02343, 0.040174, 0.08638799999999999, 0.226446, 0.47864000000000007, 0.609052, 0.657954, 0.6891279999999999, 0.7058620000000001, 0.7203700000000001, 0.728402, 0.7339680000000002, 0.737752, 0.7405260000000001, 0.7425039999999999, 0.743282, 0.74598, 0.7456519999999999, 0.7468620000000001, 0.7492700000000001, 0.7473400000000001], "0.55": [0.033460000000000004, 0.06677, 0.19618000000000002, 0.44878799999999996, 0.5750959999999999, 0.638004, 0.675782, 0.6964920000000001, 0.7140420000000002, 0.7226180000000001, 0.7319239999999999, 0.735046, 0.740406, 0.741774, 0.7440260000000001, 0.7425400000000002, 0.7453739999999999, 0.7462339999999998, 0.7471499999999999, 0.747114, 0.7476920000000001], "0.6": [0.05994400000000002, 0.16563399999999998, 0.3921339999999999, 0.543718, 0.6199239999999999, 0.65742, 0.6867439999999999, 0.7060200000000001, 0.7186479999999998, 0.725472, 0.733144, 0.7363540000000002, 0.740694, 0.7408100000000001, 0.74476, 0.745826, 0.7465579999999999, 0.746038, 0.7478099999999999, 0.7469000000000002, 0.748198], "0.65": [0.17079199999999997, 0.36897199999999997, 0.531694, 0.6059899999999999, 0.644788, 0.6747580000000001, 0.6976779999999999, 0.713786, 0.72405, 0.7299120000000001, 0.7356440000000001, 0.7401379999999999, 0.7419939999999999, 0.742432, 0.7437379999999999, 0.745978, 0.7466700000000002, 0.7454940000000001, 0.7477079999999999, 0.74712, 0.7467460000000001], "0.7": [0.40369999999999995, 0.5197220000000001, 0.588968, 0.632172, 0.66537, 0.6917739999999999, 0.7070919999999999, 0.718818, 0.7278060000000002, 0.732714, 0.738028, 0.740766, 0.7422579999999998, 0.7438660000000001, 0.7450720000000001, 0.7450179999999998, 0.7459420000000001, 0.747524, 0.746288, 0.747588, 0.747508], "0.75": [0.5206379999999999, 0.58019, 0.6242920000000001, 0.6588160000000001, 0.6853139999999999, 0.702498, 0.715166, 0.7248920000000001, 0.7311279999999999, 0.7345659999999999, 0.740526, 0.7429379999999999, 0.743738, 0.7450220000000001, 0.7460479999999999, 0.744102, 0.74646, 0.746704, 0.7463219999999999, 0.746696, 0.747744], "0.8": [0.581918, 0.62299, 0.6551280000000002, 0.680134, 0.6993980000000001, 0.712758, 0.722418, 0.72942, 0.736, 0.7387900000000001, 0.7410199999999999, 0.7429939999999999, 0.743146, 0.745706, 0.7456380000000001, 0.74495, 0.74619, 0.7462440000000001, 0.7465600000000001, 0.7479640000000001, 0.747684], "0.85": [0.6261180000000001, 0.657314, 0.681848, 0.699658, 0.713938, 0.7236540000000001, 0.7294340000000001, 0.7345179999999999, 0.738742, 0.7412760000000002, 0.743576, 0.7439359999999999, 0.7458020000000001, 0.7440260000000001, 0.745738, 0.746662, 0.7471239999999999, 0.747774, 0.7477719999999999, 0.747942, 0.74875], "0.9": [0.6690260000000001, 0.6892520000000001, 0.705796, 0.7164860000000002, 0.7256299999999999, 0.731952, 0.7361580000000001, 0.7393419999999999, 0.7412620000000001, 0.7433539999999997, 0.744408, 0.74586, 0.745586, 0.7464759999999999, 0.74625, 0.7460660000000001, 0.746526, 0.747166, 0.748504, 0.7475879999999999, 0.7483900000000001], "0.95": [0.7082860000000001, 0.7189220000000001, 0.7274240000000001, 0.732376, 0.737246, 0.740732, 0.7416199999999997, 0.7434219999999999, 0.746588, 0.74639, 0.745796, 0.746216, 0.7476720000000001, 0.746776, 0.7471519999999999, 0.747488, 0.7464240000000001, 0.7467099999999999, 0.748966, 0.7468480000000001, 0.7479739999999998], "1.0": [0.7482519999999999, 0.7478, 0.747954, 0.7476480000000001, 0.747718, 0.747682, 0.7471420000000001, 0.7471259999999998, 0.7487820000000001, 0.748504, 0.7474459999999999, 0.74783, 0.7479879999999999, 0.74806, 0.747474, 0.74891, 0.74798, 0.74765, 0.7478800000000001, 0.7474599999999999, 0.747034]}