{"0.0": [0.007992, 0.009174, 0.011230000000000002, 0.014480000000000002, 0.019681999999999998, 0.034339999999999996, 0.068122, 0.276896, 0.62712, 0.724918, 0.757606, 0.7738079999999999, 0.7821019999999999, 0.7875420000000001, 0.7924760000000001, 0.794912, 0.7961239999999999, 0.796402, 0.7979559999999999, 0.7980539999999999, 0.7984319999999999], "0.05": [0.008428000000000001, 0.009904, 0.011864, 0.015677999999999997, 0.023622, 0.038912, 0.09308599999999999, 0.42848600000000003, 0.6836460000000001, 0.7320560000000002, 0.7604159999999999, 0.7765819999999999, 0.783934, 0.789482, 0.7931560000000001, 0.7960339999999999, 0.7956700000000001, 0.7961580000000003, 0.7966080000000001, 0.79862, 0.7985599999999999], "0.1": [0.008787999999999999, 0.010672, 0.013241999999999999, 0.017726, 0.026181999999999997, 0.05117400000000001, 0.14586400000000002, 0.558336, 0.70092, 0.743112, 0.7665619999999999, 0.777928, 0.7857559999999999, 0.7899300000000001, 0.793872, 0.7942240000000002, 0.796482, 0.798346, 0.797742, 0.79673, 0.798496], "0.15": [0.00942, 0.011477999999999999, 0.014612, 0.021328, 0.03435, 0.07240599999999998, 0.281608, 0.6400359999999999, 0.715864, 0.7506060000000001, 0.768028, 0.7785820000000001, 0.7852140000000002, 0.7905480000000001, 0.7933379999999999, 0.7958999999999999, 0.796904, 0.7981, 0.798276, 0.7992299999999999, 0.8004320000000001], "0.2": [0.010360000000000001, 0.012872, 0.017398, 0.024612000000000002, 0.042052000000000006, 0.10123599999999998, 0.43254, 0.6759780000000001, 0.728908, 0.7567819999999998, 0.7722440000000002, 0.781654, 0.7870560000000001, 0.7924419999999999, 0.7931580000000001, 0.795642, 0.7963859999999999, 0.7973260000000001, 0.7984259999999999, 0.7991360000000001, 0.799558], "0.25": [0.01115, 0.014062000000000002, 0.019494, 0.032348, 0.062196, 0.221102, 0.5969760000000001, 0.6975319999999999, 0.7382040000000001, 0.7600439999999999, 0.77414, 0.783686, 0.7882579999999999, 0.7921119999999999, 0.7936339999999998, 0.795562, 0.79715, 0.797382, 0.797688, 0.7993859999999999, 0.7979599999999998], "0.3": [0.012832, 0.016745999999999997, 0.024432, 0.04118, 0.10705799999999999, 0.4184219999999999, 0.646896, 0.712304, 0.746682, 0.7652359999999999, 0.776736, 0.785306, 0.7884719999999998, 0.7919300000000001, 0.7956240000000001, 0.795534, 0.7972219999999999, 0.797304, 0.7987380000000001, 0.7984739999999999, 0.7990379999999999], "0.35": [0.015232, 0.021020000000000004, 0.030986, 0.062244, 0.20871000000000003, 0.56961, 0.6800539999999998, 0.7285940000000001, 0.7521780000000001, 0.768704, 0.778904, 0.7857559999999998, 0.7900480000000001, 0.792468, 0.795034, 0.7962980000000001, 0.7972980000000001, 0.7977660000000002, 0.7976059999999998, 0.7977599999999998, 0.798762], "0.4": [0.017322, 0.026172000000000004, 0.04794599999999999, 0.12917199999999998, 0.44731000000000004, 0.636798, 0.7002659999999998, 0.7364300000000001, 0.759602, 0.772468, 0.78065, 0.7872600000000002, 0.7915219999999998, 0.793562, 0.7957459999999998, 0.7964659999999999, 0.7977940000000001, 0.79842, 0.7981720000000001, 0.7990900000000001, 0.7986580000000001], "0.45": [0.022393999999999997, 0.036579999999999994, 0.084404, 0.29553999999999997, 0.5669000000000001, 0.667704, 0.7176940000000002, 0.7456880000000001, 0.7647020000000002, 0.775656, 0.784034, 0.7890659999999999, 0.7910360000000002, 0.793656, 0.7968559999999999, 0.79706, 0.7976020000000001, 0.7980959999999999, 0.7981860000000001, 0.7995059999999999, 0.7996479999999999], "0.5": [0.031224000000000002, 0.06503199999999999, 0.19233, 0.5167940000000001, 0.63369, 0.691356, 0.728974, 0.7524980000000001, 0.76847, 0.7783, 0.785446, 0.790642, 0.793936, 0.794188, 0.7962140000000001, 0.796862, 0.796482, 0.7970900000000001, 0.7988680000000001, 0.799172, 0.7979439999999998], "0.55": [0.05173, 0.145388, 0.42820199999999997, 0.5932999999999999, 0.6648400000000001, 0.712302, 0.7411359999999999, 0.7599139999999999, 0.7724939999999999, 0.7799579999999999, 0.78759, 0.791056, 0.792816, 0.796058, 0.7964279999999999, 0.7981380000000001, 0.7960900000000001, 0.797902, 0.79842, 0.798958, 0.7996999999999999], "0.6": [0.13287000000000002, 0.3723519999999999, 0.5582280000000001, 0.639926, 0.6896639999999999, 0.725176, 0.7485139999999998, 0.7659059999999998, 0.77696, 0.7838799999999999, 0.78869, 0.7915000000000001, 0.793882, 0.7954140000000001, 0.79816, 0.7964880000000001, 0.797818, 0.799124, 0.7987939999999999, 0.798968, 0.7990840000000001], "0.65": [0.37476800000000005, 0.5361039999999999, 0.6128859999999999, 0.6690559999999999, 0.710676, 0.7382, 0.7574299999999998, 0.7704780000000002, 0.7814239999999999, 0.7871140000000001, 0.7904760000000001, 0.79259, 0.794638, 0.7955539999999999, 0.79714, 0.7982819999999999, 0.7989039999999998, 0.7983339999999999, 0.798698, 0.7985720000000001, 0.799266], "0.7": [0.517738, 0.5907479999999999, 0.6494160000000001, 0.693784, 0.7255479999999999, 0.748198, 0.7652519999999998, 0.7770980000000001, 0.784642, 0.7896899999999999, 0.791412, 0.7939279999999997, 0.795226, 0.7967360000000001, 0.7970999999999999, 0.7977540000000001, 0.7988780000000001, 0.797578, 0.799418, 0.7996759999999999, 0.7986219999999998], "0.75": [0.583642, 0.637688, 0.6822260000000001, 0.7156219999999999, 0.74128, 0.759888, 0.7720619999999999, 0.778918, 0.7856159999999999, 0.7910440000000001, 0.7919399999999999, 0.7946780000000001, 0.796634, 0.79661, 0.7977219999999999, 0.797944, 0.7990160000000001, 0.798462, 0.7986620000000001, 0.7988960000000002, 0.7987959999999998], "0.8": [0.6311240000000001, 0.6755080000000001, 0.7102059999999999, 0.735876, 0.7555019999999999, 0.768764, 0.77822, 0.78547, 0.7877580000000001, 0.7914899999999999, 0.79526, 0.796748, 0.7972380000000001, 0.79705, 0.7977460000000001, 0.7980340000000001, 0.797858, 0.7990200000000001, 0.7984899999999999, 0.7978139999999999, 0.79924], "0.85": [0.675214, 0.7083800000000001, 0.734624, 0.7521420000000001, 0.7679980000000001, 0.777232, 0.7835219999999999, 0.7887059999999999, 0.791368, 0.794248, 0.796214, 0.79668, 0.7976139999999998, 0.7978299999999998, 0.7980740000000001, 0.7983279999999999, 0.7980719999999998, 0.7988940000000001, 0.7989020000000001, 0.797744, 0.7986759999999999], "0.9": [0.7168120000000002, 0.7411679999999999, 0.757952, 0.7691499999999999, 0.7780420000000001, 0.78467, 0.7893039999999999, 0.7920940000000001, 0.795226, 0.7963900000000002, 0.7967739999999999, 0.7976360000000001, 0.797414, 0.7981880000000001, 0.798796, 0.79836, 0.7977820000000001, 0.7984920000000001, 0.798166, 0.798746, 0.7979560000000001], "0.95": [0.7576860000000001, 0.769644, 0.778876, 0.785414, 0.7886739999999999, 0.7918599999999999, 0.79513, 0.7958320000000001, 0.79727, 0.797748, 0.7976139999999999, 0.7973120000000001, 0.798346, 0.799602, 0.799518, 0.799188, 0.7985280000000001, 0.798874, 0.7993720000000001, 0.7991119999999999, 0.7989840000000001], "1.0": [0.799528, 0.79914, 0.7990400000000001, 0.7984739999999999, 0.7991059999999999, 0.7997239999999999, 0.7989519999999999, 0.799396, 0.798694, 0.8003979999999999, 0.799058, 0.7988799999999999, 0.7989780000000001, 0.798896, 0.7997720000000003, 0.7992959999999999, 0.7990540000000002, 0.799114, 0.7986759999999999, 0.7977640000000001, 0.799564]}