{"0.0": [0.00809, 0.009374, 0.011200000000000003, 0.014485999999999999, 0.020476, 0.031324, 0.065196, 0.23157999999999998, 0.630906, 0.725036, 0.7585979999999999, 0.7728179999999999, 0.782264, 0.788872, 0.7912600000000001, 0.794974, 0.7961699999999999, 0.7981360000000001, 0.799112, 0.798236, 0.7984899999999999], "0.05": [0.008414, 0.009986, 0.012098000000000003, 0.015822, 0.022671999999999998, 0.040889999999999996, 0.08338200000000001, 0.398714, 0.68069, 0.7368359999999999, 0.761582, 0.7759040000000001, 0.784446, 0.788954, 0.79313, 0.794122, 0.7951140000000001, 0.7968099999999998, 0.797478, 0.799088, 0.7997], "0.1": [0.008962, 0.010510000000000002, 0.013306, 0.018718000000000002, 0.026824, 0.050054, 0.15940000000000001, 0.5441199999999999, 0.7035700000000001, 0.741532, 0.764714, 0.7770139999999999, 0.7855359999999999, 0.788772, 0.7927580000000001, 0.795116, 0.796524, 0.796964, 0.7970440000000001, 0.7979220000000001, 0.7993140000000001], "0.15": [0.009444, 0.011240000000000002, 0.01496, 0.019918, 0.031934, 0.06918, 0.257598, 0.6283880000000001, 0.717436, 0.7510419999999999, 0.7674219999999999, 0.7792279999999999, 0.786272, 0.791514, 0.794362, 0.7949660000000002, 0.7969879999999999, 0.7976360000000001, 0.7986179999999998, 0.7978799999999998, 0.8000940000000001], "0.2": [0.010058000000000001, 0.012555999999999998, 0.016513999999999997, 0.023895999999999997, 0.04155, 0.12127999999999999, 0.485718, 0.66872, 0.729216, 0.7537639999999999, 0.7736360000000001, 0.779676, 0.787894, 0.791978, 0.7936920000000001, 0.796134, 0.797856, 0.7984479999999999, 0.798962, 0.798138, 0.7989780000000001], "0.25": [0.011423999999999998, 0.014836000000000002, 0.018708, 0.03127, 0.066384, 0.22041999999999998, 0.5929139999999999, 0.696284, 0.7376820000000001, 0.7582039999999999, 0.774526, 0.7831060000000001, 0.7895019999999999, 0.791754, 0.7944439999999999, 0.795486, 0.798054, 0.7979120000000001, 0.7985380000000001, 0.798438, 0.7997100000000001], "0.3": [0.012490000000000001, 0.017528, 0.022546, 0.041914, 0.10589, 0.40148000000000006, 0.646036, 0.713738, 0.7449560000000001, 0.764488, 0.7766559999999998, 0.7841039999999999, 0.788384, 0.7930680000000001, 0.7948679999999999, 0.7965399999999999, 0.7974460000000001, 0.797126, 0.798604, 0.798934, 0.799444], "0.35": [0.014434, 0.020227999999999996, 0.029618000000000002, 0.05859, 0.237512, 0.555832, 0.683912, 0.727848, 0.7522999999999999, 0.768818, 0.7787079999999998, 0.7863000000000001, 0.7903779999999999, 0.7938679999999999, 0.79538, 0.796512, 0.7964939999999998, 0.7990700000000001, 0.797666, 0.7986540000000001, 0.7995940000000001], "0.4": [0.017986, 0.024966, 0.044688000000000005, 0.12489, 0.451726, 0.632464, 0.70217, 0.73622, 0.758434, 0.77362, 0.78066, 0.7865139999999999, 0.792032, 0.79375, 0.795664, 0.796376, 0.7975859999999999, 0.7988339999999998, 0.798082, 0.79783, 0.798104], "0.45": [0.022438, 0.036806, 0.08206000000000001, 0.297488, 0.572794, 0.6694599999999999, 0.71407, 0.745224, 0.7635200000000001, 0.7757080000000001, 0.78314, 0.7896939999999999, 0.7912399999999999, 0.7935, 0.795944, 0.7954720000000002, 0.7956979999999999, 0.797812, 0.7981779999999999, 0.799698, 0.7989879999999999], "0.5": [0.03197, 0.060943999999999984, 0.19275000000000003, 0.49884000000000006, 0.633772, 0.6933419999999999, 0.7310099999999999, 0.7535339999999999, 0.7694699999999999, 0.779358, 0.7853679999999998, 0.789782, 0.7920940000000002, 0.793932, 0.796546, 0.79671, 0.797416, 0.798794, 0.79821, 0.7986059999999999, 0.799842], "0.55": [0.055246, 0.15510800000000002, 0.41415599999999997, 0.596216, 0.664308, 0.7110259999999999, 0.7382619999999999, 0.7606739999999997, 0.772146, 0.7803659999999999, 0.7868780000000001, 0.7913720000000001, 0.793866, 0.795776, 0.796238, 0.7973319999999999, 0.7982680000000001, 0.798236, 0.7987839999999999, 0.80029, 0.7989400000000001], "0.6": [0.140952, 0.38955, 0.558752, 0.638514, 0.6894840000000001, 0.7250659999999999, 0.749256, 0.7650580000000001, 0.7764319999999999, 0.7834559999999999, 0.787366, 0.7925460000000001, 0.7932880000000001, 0.79562, 0.7970459999999998, 0.796358, 0.797236, 0.7976800000000002, 0.7977200000000001, 0.7993380000000001, 0.7994259999999999], "0.65": [0.37636600000000003, 0.529822, 0.613388, 0.6695880000000001, 0.7099499999999999, 0.7379540000000001, 0.75673, 0.770942, 0.78196, 0.7857940000000001, 0.790296, 0.792192, 0.7950600000000001, 0.7958660000000001, 0.797256, 0.7983959999999999, 0.7979940000000001, 0.7976819999999999, 0.7972100000000001, 0.799164, 0.799236], "0.7": [0.5196160000000001, 0.593276, 0.651896, 0.693682, 0.7268939999999998, 0.7501099999999999, 0.7650919999999999, 0.775552, 0.783266, 0.788028, 0.7922059999999999, 0.7942060000000001, 0.7964239999999999, 0.7960280000000001, 0.7966359999999999, 0.797608, 0.798774, 0.798794, 0.7987319999999998, 0.7988040000000001, 0.798524], "0.75": [0.5814159999999999, 0.6393319999999999, 0.6835000000000001, 0.717528, 0.7419940000000002, 0.7579940000000002, 0.7720279999999999, 0.7802939999999999, 0.787734, 0.7911840000000001, 0.792608, 0.7954719999999998, 0.7966799999999999, 0.7971260000000001, 0.798044, 0.7976819999999999, 0.7984419999999999, 0.7992919999999999, 0.7974060000000002, 0.7980719999999999, 0.7986220000000002], "0.8": [0.630062, 0.6743999999999999, 0.708006, 0.7358119999999999, 0.7547499999999998, 0.769986, 0.7786080000000001, 0.783774, 0.7896459999999998, 0.79217, 0.79354, 0.795964, 0.7960900000000001, 0.7985919999999999, 0.798024, 0.7988820000000001, 0.79845, 0.7992179999999999, 0.798708, 0.7994979999999999, 0.7984140000000001], "0.85": [0.67446, 0.708762, 0.736188, 0.753412, 0.7676919999999999, 0.7768539999999998, 0.7841839999999999, 0.78921, 0.792372, 0.794402, 0.796552, 0.79629, 0.79716, 0.79795, 0.79728, 0.7983739999999999, 0.798372, 0.799046, 0.7996180000000002, 0.7988639999999999, 0.799472], "0.9": [0.7165180000000001, 0.7398980000000001, 0.7571159999999999, 0.769812, 0.7790900000000001, 0.784988, 0.7898499999999999, 0.7922899999999999, 0.7942239999999999, 0.7956340000000001, 0.79719, 0.7971560000000002, 0.7972160000000001, 0.79726, 0.798752, 0.7982800000000002, 0.799052, 0.798336, 0.8002720000000002, 0.7983060000000001, 0.7993239999999999], "0.95": [0.757682, 0.769718, 0.7794199999999999, 0.784678, 0.78933, 0.7917160000000001, 0.7943720000000001, 0.79559, 0.797202, 0.7968979999999999, 0.7987059999999999, 0.7980879999999999, 0.79832, 0.7987139999999999, 0.797924, 0.7985320000000001, 0.7992440000000001, 0.799152, 0.7998640000000001, 0.7990480000000001, 0.798994], "1.0": [0.7981519999999999, 0.8000519999999999, 0.7996199999999999, 0.7983159999999999, 0.799092, 0.797896, 0.799598, 0.799566, 0.798526, 0.798842, 0.79964, 0.798564, 0.799462, 0.79838, 0.7994660000000002, 0.7982539999999999, 0.7989060000000001, 0.7984699999999998, 0.7993280000000001, 0.799044, 0.799312]}