{"0.0": [0.007964, 0.009216, 0.011276000000000001, 0.01451, 0.020538000000000004, 0.032116, 0.069898, 0.25400600000000007, 0.6292500000000001, 0.725552, 0.75717, 0.772918, 0.7834239999999998, 0.7881020000000001, 0.7924519999999999, 0.7941600000000001, 0.7965360000000001, 0.7973220000000001, 0.797712, 0.7987880000000002, 0.7983920000000001], "0.05": [0.008546, 0.009852000000000001, 0.012442000000000002, 0.015998000000000002, 0.023162, 0.036198, 0.10335400000000002, 0.4171620000000001, 0.6740179999999999, 0.734524, 0.762098, 0.7758079999999999, 0.7849279999999998, 0.7902080000000001, 0.792414, 0.795812, 0.79617, 0.798366, 0.797786, 0.799154, 0.798752], "0.1": [0.008962, 0.010552, 0.013394000000000001, 0.018094, 0.025199999999999997, 0.051348000000000005, 0.147058, 0.538344, 0.7035680000000001, 0.745582, 0.7640240000000001, 0.778188, 0.785152, 0.7897659999999999, 0.7926600000000001, 0.7955460000000001, 0.796214, 0.7973040000000001, 0.798368, 0.798366, 0.79899], "0.15": [0.009503999999999999, 0.011824000000000001, 0.014751999999999998, 0.021330000000000005, 0.032004000000000005, 0.070878, 0.301976, 0.637192, 0.714718, 0.7512399999999999, 0.768904, 0.777838, 0.7865440000000001, 0.7905380000000001, 0.793064, 0.7951239999999999, 0.7975840000000001, 0.797338, 0.797544, 0.79842, 0.798934], "0.2": [0.010202, 0.013000000000000001, 0.016422000000000003, 0.024664000000000002, 0.04449, 0.11054399999999999, 0.4441979999999999, 0.67304, 0.7298660000000001, 0.7548460000000001, 0.7726740000000001, 0.781126, 0.7874599999999999, 0.791092, 0.795, 0.7955260000000002, 0.797314, 0.7978939999999999, 0.7972239999999999, 0.79765, 0.79821], "0.25": [0.011158, 0.014914, 0.019762, 0.029622000000000002, 0.059862, 0.183788, 0.605886, 0.6983520000000002, 0.736898, 0.7595000000000001, 0.773174, 0.7828860000000002, 0.7870560000000002, 0.7931140000000001, 0.793344, 0.795514, 0.79664, 0.7974219999999999, 0.7986239999999999, 0.799182, 0.798664], "0.3": [0.012493999999999998, 0.016914, 0.024104000000000004, 0.04388, 0.10361000000000001, 0.45791400000000004, 0.6470600000000001, 0.713404, 0.745232, 0.7643780000000001, 0.77756, 0.7841999999999999, 0.7897940000000001, 0.7925659999999999, 0.7947299999999999, 0.7965479999999999, 0.796768, 0.7984140000000001, 0.7982360000000002, 0.798134, 0.79998], "0.35": [0.014830000000000001, 0.020045999999999998, 0.033049999999999996, 0.061684, 0.196432, 0.576328, 0.679144, 0.7287859999999999, 0.75217, 0.7695260000000002, 0.7786259999999998, 0.7850099999999999, 0.7897680000000001, 0.7932419999999999, 0.7951940000000001, 0.796536, 0.7973960000000001, 0.796372, 0.797072, 0.7987479999999999, 0.7989360000000001], "0.4": [0.017396, 0.025309999999999996, 0.04340000000000001, 0.13452, 0.461662, 0.636912, 0.7001120000000002, 0.73554, 0.7574879999999999, 0.77137, 0.7809240000000003, 0.7877580000000001, 0.7909259999999999, 0.7937819999999999, 0.7956600000000001, 0.7967160000000001, 0.7975220000000001, 0.798226, 0.798438, 0.7974839999999999, 0.799188], "0.45": [0.021450000000000004, 0.036482, 0.07240599999999998, 0.298812, 0.573074, 0.6675719999999998, 0.7161600000000001, 0.743974, 0.762282, 0.776176, 0.78335, 0.7886360000000002, 0.7907519999999999, 0.7936680000000002, 0.7949719999999999, 0.7962, 0.79762, 0.7982340000000001, 0.7989099999999999, 0.798698, 0.7986399999999999], "0.5": [0.03124, 0.059502000000000006, 0.21205400000000002, 0.5124, 0.63019, 0.6886239999999999, 0.7292640000000001, 0.7525760000000001, 0.768822, 0.777598, 0.7851, 0.789894, 0.793148, 0.795058, 0.795268, 0.79631, 0.7986139999999999, 0.7980740000000002, 0.798176, 0.7981739999999999, 0.7987419999999998], "0.55": [0.052160000000000005, 0.16250799999999999, 0.4397160000000001, 0.5957939999999999, 0.666366, 0.7105340000000001, 0.741092, 0.759786, 0.773484, 0.7817600000000001, 0.7869699999999998, 0.790898, 0.792926, 0.79572, 0.7970659999999999, 0.7968480000000001, 0.797718, 0.79862, 0.798286, 0.798368, 0.799774], "0.6": [0.14295199999999997, 0.40327199999999996, 0.560528, 0.6357160000000001, 0.6907660000000001, 0.7241280000000002, 0.7484820000000001, 0.7656820000000001, 0.7758059999999999, 0.7846599999999999, 0.788442, 0.792464, 0.7941919999999999, 0.7950559999999999, 0.7964019999999998, 0.798014, 0.79828, 0.7984840000000001, 0.7991800000000001, 0.7985119999999999, 0.799636], "0.65": [0.39349000000000006, 0.520518, 0.6139399999999999, 0.6707979999999999, 0.7093780000000001, 0.738854, 0.757346, 0.770714, 0.779526, 0.7859440000000001, 0.7906200000000001, 0.7923639999999998, 0.7949759999999999, 0.7956020000000001, 0.7964080000000001, 0.7978060000000002, 0.7990180000000001, 0.7988680000000001, 0.798608, 0.7996579999999999, 0.798866], "0.7": [0.520532, 0.592844, 0.650898, 0.694632, 0.7270620000000001, 0.7483560000000001, 0.764802, 0.775988, 0.783104, 0.787602, 0.7919479999999999, 0.7943340000000001, 0.7953180000000001, 0.7966780000000001, 0.796704, 0.7975359999999999, 0.797538, 0.797766, 0.7988719999999999, 0.7981500000000001, 0.7992100000000001], "0.75": [0.5822879999999999, 0.6374960000000001, 0.6831959999999999, 0.7165519999999997, 0.743112, 0.7583420000000001, 0.7711920000000001, 0.7794579999999999, 0.7881939999999998, 0.790738, 0.7924499999999999, 0.794566, 0.795656, 0.797114, 0.7968540000000002, 0.798168, 0.7974020000000002, 0.7984439999999999, 0.7986120000000001, 0.7992239999999999, 0.798372], "0.8": [0.6308120000000002, 0.675206, 0.7083359999999999, 0.7364440000000001, 0.7551359999999999, 0.7684840000000002, 0.77815, 0.7848319999999999, 0.7891839999999999, 0.7909559999999999, 0.7945299999999998, 0.79513, 0.796638, 0.7980879999999999, 0.798762, 0.798534, 0.7992599999999999, 0.7983480000000002, 0.7988900000000001, 0.7988299999999999, 0.79932], "0.85": [0.676306, 0.7086980000000002, 0.735026, 0.7537179999999999, 0.7660760000000001, 0.7769199999999999, 0.7836319999999998, 0.7896999999999998, 0.7925740000000002, 0.7943879999999999, 0.794702, 0.7973140000000001, 0.7975280000000001, 0.7985199999999999, 0.7986999999999999, 0.79787, 0.798604, 0.799082, 0.798986, 0.7989820000000001, 0.798488], "0.9": [0.7162019999999998, 0.7392640000000001, 0.757516, 0.770106, 0.778236, 0.7841859999999999, 0.7901180000000001, 0.791632, 0.794764, 0.7959879999999998, 0.797586, 0.7970839999999998, 0.7973639999999999, 0.797958, 0.7994720000000001, 0.7984299999999999, 0.797936, 0.798838, 0.798346, 0.7992740000000002, 0.7981499999999998], "0.95": [0.7590779999999999, 0.7708780000000002, 0.7783540000000001, 0.7844639999999999, 0.7898200000000002, 0.791398, 0.79384, 0.794904, 0.796636, 0.7972499999999999, 0.797348, 0.7976260000000001, 0.798688, 0.7977659999999999, 0.7981999999999999, 0.798988, 0.7988680000000001, 0.7988160000000001, 0.798798, 0.798138, 0.7987639999999999], "1.0": [0.800682, 0.798448, 0.7988699999999999, 0.7981500000000001, 0.8000099999999999, 0.7983640000000001, 0.798064, 0.7989899999999999, 0.7984899999999999, 0.7982339999999999, 0.7994360000000001, 0.798908, 0.800142, 0.7988240000000001, 0.798928, 0.7994899999999998, 0.7982, 0.799554, 0.798374, 0.7994500000000001, 0.7986340000000002]}