{"0.0": [0.008107999999999999, 0.009435999999999998, 0.011124, 0.014037999999999997, 0.019936, 0.029045999999999995, 0.064318, 0.28404, 0.6494580000000001, 0.7273440000000001, 0.757916, 0.7731819999999999, 0.7824720000000001, 0.790432, 0.7922199999999999, 0.7942500000000001, 0.796588, 0.7975779999999999, 0.7987960000000001, 0.7982720000000001, 0.7978700000000001], "0.05": [0.008396, 0.00999, 0.011952, 0.0161, 0.022208000000000002, 0.038954, 0.10487599999999998, 0.42849, 0.676686, 0.734368, 0.7602, 0.776866, 0.784106, 0.79051, 0.7917320000000001, 0.7944340000000001, 0.7962940000000001, 0.7966239999999999, 0.7968420000000002, 0.79829, 0.798756], "0.1": [0.009085999999999999, 0.010738, 0.013399999999999999, 0.017999999999999995, 0.027993999999999998, 0.045352, 0.14841, 0.5565019999999999, 0.700962, 0.744602, 0.7672240000000001, 0.7785780000000001, 0.7841980000000001, 0.789958, 0.793022, 0.7953359999999999, 0.7964580000000001, 0.7971199999999999, 0.7987420000000001, 0.799314, 0.799128], "0.15": [0.009382, 0.011779999999999999, 0.01528, 0.021014000000000005, 0.031377999999999996, 0.064356, 0.304112, 0.643266, 0.714706, 0.7488380000000001, 0.7694099999999999, 0.780116, 0.7872020000000001, 0.792234, 0.7937119999999999, 0.796096, 0.7976660000000001, 0.797952, 0.7972220000000001, 0.7989879999999999, 0.7991800000000001], "0.2": [0.010154000000000002, 0.012556000000000001, 0.016479999999999998, 0.024770000000000004, 0.0397, 0.10741399999999998, 0.494604, 0.6694599999999999, 0.7274120000000001, 0.755852, 0.77262, 0.78246, 0.7876979999999999, 0.7917939999999999, 0.7939859999999999, 0.7957739999999999, 0.7967820000000002, 0.7976800000000001, 0.7980719999999998, 0.798106, 0.798422], "0.25": [0.011487999999999998, 0.01433, 0.019666, 0.030615999999999997, 0.062119999999999995, 0.255514, 0.60407, 0.697936, 0.7374719999999999, 0.7607839999999999, 0.773552, 0.78289, 0.7879560000000001, 0.7915500000000002, 0.7927579999999999, 0.7965399999999998, 0.7980499999999999, 0.7973920000000001, 0.7979959999999999, 0.798956, 0.7986359999999999], "0.3": [0.012833999999999998, 0.016498, 0.023687999999999997, 0.040442000000000006, 0.10713199999999999, 0.40553400000000006, 0.643352, 0.713804, 0.745942, 0.7653500000000001, 0.7768720000000002, 0.7842200000000001, 0.7896020000000001, 0.7929900000000001, 0.7958240000000001, 0.796164, 0.797266, 0.797598, 0.798718, 0.79877, 0.799716], "0.35": [0.014891999999999999, 0.020454, 0.0325, 0.061732, 0.21327400000000002, 0.566198, 0.679794, 0.726588, 0.7534519999999999, 0.769164, 0.7783600000000002, 0.7848000000000002, 0.789714, 0.792678, 0.7953139999999999, 0.797156, 0.7967559999999999, 0.798296, 0.798254, 0.7990780000000001, 0.7992259999999999], "0.4": [0.01726, 0.024984000000000003, 0.04353399999999999, 0.134026, 0.4222539999999999, 0.630542, 0.7015299999999999, 0.7372520000000001, 0.7600199999999999, 0.7725019999999998, 0.780354, 0.786448, 0.790216, 0.7936679999999999, 0.7963619999999999, 0.7963359999999998, 0.7979139999999998, 0.7983659999999999, 0.7992159999999999, 0.799486, 0.7996920000000002], "0.45": [0.022482000000000002, 0.035196, 0.079918, 0.29502, 0.577496, 0.6723219999999999, 0.7169180000000002, 0.7450240000000001, 0.7631279999999998, 0.7755299999999999, 0.783498, 0.7888679999999999, 0.793056, 0.7939280000000001, 0.7949299999999999, 0.796096, 0.7975999999999999, 0.7981219999999999, 0.798592, 0.799168, 0.799814], "0.5": [0.029723999999999993, 0.055314, 0.18433600000000003, 0.5185840000000002, 0.634744, 0.6913140000000001, 0.730552, 0.7540119999999999, 0.7686240000000002, 0.7786900000000001, 0.7852099999999999, 0.789374, 0.7926219999999999, 0.79486, 0.7957159999999999, 0.7962600000000001, 0.798228, 0.7989059999999999, 0.799034, 0.7984819999999999, 0.7987339999999999], "0.55": [0.050198, 0.14972400000000002, 0.42284400000000005, 0.5923579999999999, 0.665762, 0.7095700000000003, 0.7410220000000001, 0.7584099999999998, 0.771756, 0.7816580000000002, 0.7871560000000001, 0.790484, 0.7932780000000001, 0.7946420000000001, 0.796858, 0.796738, 0.797502, 0.7988240000000001, 0.7973260000000002, 0.7988480000000001, 0.799226], "0.6": [0.14459199999999997, 0.38872999999999996, 0.557966, 0.6376419999999999, 0.689744, 0.724808, 0.748688, 0.765272, 0.7764260000000001, 0.7838240000000001, 0.790064, 0.7905220000000002, 0.794254, 0.7960700000000002, 0.7966100000000002, 0.7969719999999999, 0.798732, 0.7977599999999999, 0.799552, 0.79801, 0.7994], "0.65": [0.36995599999999995, 0.5363, 0.6131220000000001, 0.670762, 0.70943, 0.7380540000000001, 0.758826, 0.770942, 0.779328, 0.7859999999999999, 0.7900480000000001, 0.793226, 0.7963739999999998, 0.7955800000000001, 0.796996, 0.796322, 0.7978559999999999, 0.7996080000000001, 0.7985599999999999, 0.79936, 0.7995280000000001], "0.7": [0.514974, 0.5929059999999999, 0.650112, 0.6943520000000001, 0.7258599999999998, 0.74875, 0.765472, 0.775144, 0.7839, 0.788808, 0.791096, 0.793772, 0.7962219999999999, 0.7959060000000001, 0.7968900000000001, 0.7976419999999999, 0.797488, 0.79792, 0.7976599999999999, 0.799282, 0.7986699999999998], "0.75": [0.5803579999999999, 0.6355500000000001, 0.68172, 0.71744, 0.7396739999999999, 0.7607219999999998, 0.7717839999999999, 0.7799459999999999, 0.7869740000000001, 0.789918, 0.793016, 0.794196, 0.796712, 0.7977299999999999, 0.7977820000000001, 0.798638, 0.798342, 0.798482, 0.79887, 0.797826, 0.798382], "0.8": [0.6299199999999999, 0.6748919999999999, 0.7094459999999999, 0.7352320000000002, 0.7547839999999998, 0.7689179999999999, 0.7775279999999999, 0.7844979999999999, 0.788776, 0.79231, 0.794504, 0.795728, 0.796918, 0.7963340000000001, 0.797776, 0.798578, 0.798642, 0.798184, 0.79838, 0.7986399999999999, 0.7984299999999999], "0.85": [0.6755660000000002, 0.7084979999999999, 0.7352, 0.753318, 0.767316, 0.7767459999999999, 0.783938, 0.78887, 0.7911760000000001, 0.793576, 0.7945320000000001, 0.796906, 0.797474, 0.7987239999999999, 0.7979520000000001, 0.799038, 0.7986479999999999, 0.7975840000000001, 0.7988279999999999, 0.7990020000000001, 0.7990060000000001], "0.9": [0.7177900000000002, 0.73969, 0.7584660000000001, 0.7699860000000001, 0.7786460000000001, 0.785766, 0.78979, 0.7926599999999999, 0.795154, 0.7948360000000001, 0.7971740000000002, 0.7972319999999999, 0.7982299999999999, 0.79833, 0.7984700000000001, 0.79861, 0.799392, 0.798208, 0.79837, 0.799054, 0.799328], "0.95": [0.758754, 0.770248, 0.7782140000000001, 0.7850020000000001, 0.7889640000000001, 0.7926580000000001, 0.7942999999999999, 0.7962940000000001, 0.7973680000000001, 0.79703, 0.797012, 0.7978739999999999, 0.7981020000000001, 0.7981719999999999, 0.7985479999999999, 0.7991999999999999, 0.7989139999999999, 0.7986499999999999, 0.7986460000000001, 0.799816, 0.79873], "1.0": [0.799838, 0.7986240000000001, 0.7988, 0.798206, 0.798796, 0.7988839999999999, 0.798558, 0.797958, 0.7989700000000001, 0.7988859999999999, 0.7994160000000001, 0.799782, 0.7993200000000001, 0.798986, 0.7991319999999998, 0.7988460000000001, 0.799626, 0.8003140000000002, 0.799174, 0.7985459999999999, 0.7992120000000001]}