{"0.0": [0.008072, 0.009334, 0.010974000000000001, 0.013996000000000001, 0.020235999999999997, 0.029162000000000004, 0.06576200000000001, 0.254596, 0.633716, 0.7271420000000001, 0.7564, 0.7733340000000001, 0.7838759999999999, 0.7881039999999999, 0.7926000000000001, 0.794548, 0.796886, 0.796956, 0.7988219999999999, 0.7976860000000001, 0.7999959999999998], "0.05": [0.008523999999999999, 0.009982, 0.012142000000000002, 0.015122000000000002, 0.022679999999999992, 0.038217999999999995, 0.09937600000000002, 0.414006, 0.6708799999999999, 0.7386040000000001, 0.7609600000000001, 0.774126, 0.784048, 0.789778, 0.7928459999999999, 0.7945720000000001, 0.797034, 0.7976059999999999, 0.7975220000000002, 0.7987959999999998, 0.7987979999999999], "0.1": [0.0089, 0.010565999999999999, 0.013429999999999997, 0.01755, 0.025927999999999996, 0.04593799999999999, 0.15321600000000002, 0.566138, 0.6993739999999998, 0.7443179999999999, 0.764748, 0.777828, 0.7847739999999999, 0.790214, 0.7935520000000001, 0.7940480000000001, 0.7967779999999999, 0.798082, 0.798614, 0.7976960000000001, 0.7989879999999999], "0.15": [0.009362, 0.011656, 0.014825999999999999, 0.020690000000000004, 0.032586000000000004, 0.073512, 0.26450599999999996, 0.63612, 0.714936, 0.749494, 0.770476, 0.778884, 0.7870160000000002, 0.7916500000000001, 0.79339, 0.7955899999999998, 0.7975059999999999, 0.7971239999999998, 0.798202, 0.797946, 0.7991900000000001], "0.2": [0.010214, 0.01264, 0.017032, 0.023996000000000003, 0.044199999999999996, 0.11031200000000001, 0.47983, 0.6744999999999999, 0.7302440000000001, 0.7547459999999999, 0.7725660000000001, 0.7809579999999998, 0.7869379999999999, 0.7907840000000002, 0.792428, 0.795228, 0.79732, 0.7970320000000001, 0.7980300000000001, 0.79864, 0.7996939999999999], "0.25": [0.011420000000000001, 0.01456, 0.019486, 0.030058, 0.06366, 0.236876, 0.602408, 0.6971400000000001, 0.7372420000000001, 0.761382, 0.775592, 0.7826760000000001, 0.788386, 0.79165, 0.794438, 0.7965379999999999, 0.796138, 0.7981140000000001, 0.7975800000000001, 0.7985019999999998, 0.7975720000000002], "0.3": [0.012561999999999997, 0.016479999999999998, 0.024574, 0.041522, 0.1185, 0.4371200000000001, 0.647256, 0.7153579999999999, 0.7456020000000001, 0.765536, 0.776408, 0.783962, 0.7893820000000001, 0.79297, 0.794074, 0.7964500000000001, 0.7971480000000001, 0.7975080000000001, 0.7977420000000001, 0.799158, 0.7985559999999999], "0.35": [0.01432, 0.019488, 0.032502, 0.06290999999999998, 0.22751400000000005, 0.573272, 0.67426, 0.72666, 0.7525259999999999, 0.7676440000000001, 0.7791900000000002, 0.7860120000000002, 0.790934, 0.7935699999999999, 0.7945399999999999, 0.7958500000000001, 0.7972239999999999, 0.7980619999999997, 0.798528, 0.7988379999999999, 0.7987139999999999], "0.4": [0.017403999999999996, 0.027117999999999996, 0.045564, 0.11591599999999999, 0.44880799999999993, 0.63231, 0.6997900000000001, 0.7354719999999999, 0.7567959999999999, 0.7722420000000001, 0.781714, 0.786514, 0.7914179999999998, 0.794226, 0.7954519999999999, 0.7966959999999998, 0.79752, 0.7982779999999999, 0.7986459999999999, 0.7982279999999998, 0.7994319999999999], "0.45": [0.02206, 0.03660600000000001, 0.08718999999999999, 0.308388, 0.5792860000000001, 0.6687479999999999, 0.7167520000000001, 0.74555, 0.76422, 0.7759419999999999, 0.782704, 0.7891199999999998, 0.7915320000000001, 0.7946139999999999, 0.7966439999999999, 0.7965180000000001, 0.797398, 0.7980339999999999, 0.7978780000000001, 0.798828, 0.7986], "0.5": [0.029894000000000004, 0.059076000000000004, 0.19933599999999999, 0.512856, 0.6309220000000001, 0.690146, 0.729414, 0.752154, 0.768058, 0.7797139999999999, 0.7839200000000001, 0.789236, 0.792188, 0.793734, 0.7958419999999999, 0.7986420000000001, 0.798346, 0.7988299999999999, 0.7982920000000001, 0.7984679999999998, 0.7985120000000001], "0.55": [0.053849999999999995, 0.146868, 0.4364839999999999, 0.595938, 0.6645619999999998, 0.7106280000000001, 0.7399959999999999, 0.758614, 0.7728499999999999, 0.780072, 0.7865039999999999, 0.7901900000000001, 0.7932420000000002, 0.795538, 0.796368, 0.797434, 0.7975420000000001, 0.797954, 0.798612, 0.798482, 0.799284], "0.6": [0.13854, 0.394302, 0.5600559999999999, 0.641124, 0.6884279999999998, 0.7258699999999999, 0.7487779999999999, 0.766206, 0.7750880000000001, 0.7839999999999999, 0.7884080000000001, 0.7920180000000001, 0.7944520000000002, 0.796224, 0.7972439999999998, 0.7986200000000001, 0.79793, 0.797902, 0.7987439999999999, 0.7979939999999999, 0.798544], "0.65": [0.376094, 0.5376059999999999, 0.611524, 0.6697479999999999, 0.7090960000000002, 0.7372999999999998, 0.758518, 0.7705259999999999, 0.7795360000000001, 0.7854320000000001, 0.790032, 0.79279, 0.7954039999999999, 0.796278, 0.7963220000000001, 0.7976480000000001, 0.797852, 0.79824, 0.797952, 0.798102, 0.798764], "0.7": [0.51714, 0.5952620000000001, 0.6512300000000001, 0.6943100000000001, 0.7255000000000001, 0.7482400000000001, 0.7648679999999999, 0.77622, 0.782978, 0.788422, 0.7912440000000003, 0.7935519999999999, 0.79497, 0.797668, 0.7966580000000002, 0.7981240000000001, 0.79779, 0.7982640000000001, 0.79932, 0.7993640000000001, 0.7994000000000001], "0.75": [0.580516, 0.63668, 0.681568, 0.7173280000000001, 0.7415199999999998, 0.759372, 0.772546, 0.78132, 0.7861599999999999, 0.7904379999999999, 0.7938279999999999, 0.795532, 0.79622, 0.797098, 0.7981920000000001, 0.7979659999999998, 0.7989519999999999, 0.799616, 0.7989660000000001, 0.798656, 0.798498], "0.8": [0.62942, 0.675132, 0.7094099999999999, 0.7351039999999999, 0.7550560000000001, 0.7682419999999999, 0.7776060000000001, 0.783636, 0.7897700000000001, 0.791746, 0.7937839999999998, 0.79619, 0.795932, 0.797864, 0.796832, 0.7982399999999998, 0.7998700000000001, 0.7987339999999999, 0.7993819999999999, 0.7979759999999999, 0.7988279999999999], "0.85": [0.6746840000000001, 0.708402, 0.7348599999999997, 0.753912, 0.766638, 0.778296, 0.783216, 0.787902, 0.791666, 0.793554, 0.7956340000000001, 0.797424, 0.7969399999999999, 0.7982680000000001, 0.7980539999999999, 0.7986940000000001, 0.7997679999999999, 0.799432, 0.7987920000000002, 0.79908, 0.7987419999999998], "0.9": [0.717774, 0.7394680000000001, 0.7582579999999999, 0.7691239999999999, 0.778698, 0.78385, 0.7896700000000001, 0.792458, 0.794152, 0.795234, 0.7955800000000001, 0.7971860000000001, 0.796962, 0.7987979999999999, 0.7983059999999998, 0.7996440000000001, 0.798998, 0.7982, 0.7993819999999999, 0.798594, 0.798534], "0.95": [0.758986, 0.769892, 0.7789280000000001, 0.7850459999999999, 0.7891199999999999, 0.792204, 0.79531, 0.795912, 0.796618, 0.797516, 0.7970899999999999, 0.7985939999999999, 0.7999499999999999, 0.7984319999999999, 0.799508, 0.798514, 0.7984399999999999, 0.7990619999999999, 0.7994260000000001, 0.798402, 0.798716], "1.0": [0.799592, 0.7987360000000001, 0.7987480000000001, 0.7977439999999999, 0.79988, 0.7989300000000001, 0.7990880000000001, 0.799014, 0.7991159999999999, 0.7989720000000001, 0.799898, 0.799048, 0.7996340000000001, 0.7988880000000002, 0.7997699999999999, 0.799692, 0.799776, 0.7994559999999999, 0.7993220000000001, 0.79872, 0.7989660000000001]}