{"0.0": [0.0024259999999999998, 0.0025939999999999995, 0.0025440000000000003, 0.002758, 0.002974, 0.003068, 0.003366, 0.00354, 0.0037019999999999996, 0.0036279999999999997, 0.003894, 0.00412, 0.004004, 0.004274, 0.004386, 0.004666, 0.004731999999999999, 0.004744, 0.004738, 0.005307999999999999, 0.0052959999999999995], "0.05": [0.0025480000000000004, 0.002706, 0.002856, 0.002842, 0.0030040000000000006, 0.0032359999999999993, 0.003266, 0.0034620000000000002, 0.003552, 0.0034959999999999995, 0.00386, 0.003918, 0.004244, 0.004482, 0.00437, 0.00471, 0.005176000000000001, 0.005157999999999999, 0.005143999999999999, 0.00506, 0.0049819999999999994], "0.1": [0.002698, 0.0028299999999999996, 0.0030039999999999993, 0.0029, 0.003098, 0.0031560000000000004, 0.003468, 0.00343, 0.0035199999999999997, 0.0039020000000000005, 0.004070000000000001, 0.004, 0.004065999999999999, 0.0045119999999999995, 0.004734, 0.004486, 0.005018, 0.005230000000000001, 0.004954, 0.005132, 0.0056619999999999995], "0.15": [0.002756, 0.0027940000000000005, 0.0028659999999999996, 0.002979999999999999, 0.0031100000000000004, 0.0033799999999999998, 0.003316, 0.003526, 0.0037560000000000007, 0.003867999999999999, 0.003776, 0.004142, 0.00434, 0.0044020000000000005, 0.004354, 0.004427999999999999, 0.004888, 0.004878, 0.004788, 0.00519, 0.005356], "0.2": [0.00268, 0.002842, 0.00302, 0.003314, 0.003152, 0.0034100000000000003, 0.0034600000000000004, 0.003664, 0.0036780000000000003, 0.003848, 0.00415, 0.004028, 0.003992, 0.004246, 0.0044, 0.004699999999999999, 0.004778, 0.005138, 0.005056, 0.005194, 0.005376], "0.25": [0.0027960000000000003, 0.00296, 0.002974, 0.0032060000000000005, 0.0034000000000000002, 0.0031339999999999996, 0.0037220000000000005, 0.0037019999999999996, 0.003868, 0.0039759999999999995, 0.004364, 0.004241999999999999, 0.004489999999999999, 0.004718, 0.005004, 0.00479, 0.005008, 0.0050620000000000005, 0.004860000000000001, 0.005202, 0.0050680000000000005], "0.3": [0.003035999999999999, 0.002964, 0.003212, 0.003366, 0.003392, 0.003426, 0.00359, 0.003984, 0.004124, 0.004058, 0.0044800000000000005, 0.004064, 0.0045460000000000006, 0.004436, 0.00459, 0.004886, 0.004916, 0.004592, 0.00485, 0.005062, 0.0052580000000000005], "0.35": [0.003072, 0.0031200000000000004, 0.0032439999999999995, 0.0034000000000000002, 0.0034820000000000003, 0.0035100000000000005, 0.00375, 0.003982, 0.004046, 0.004175999999999999, 0.004204, 0.004252000000000001, 0.004636, 0.00449, 0.004628, 0.004784, 0.004808, 0.005024, 0.0049499999999999995, 0.00493, 0.005242000000000001], "0.4": [0.0033039999999999996, 0.003148, 0.0034660000000000003, 0.0032840000000000005, 0.003642, 0.003618, 0.0037159999999999997, 0.003892, 0.004164, 0.004014, 0.0043, 0.004398, 0.0047279999999999996, 0.004436, 0.0047859999999999995, 0.004708, 0.004764, 0.005134, 0.0051259999999999995, 0.00526, 0.005180000000000001], "0.45": [0.003166, 0.0032599999999999994, 0.0033820000000000005, 0.003434, 0.0035939999999999995, 0.0037879999999999993, 0.003912, 0.004004, 0.004142, 0.004205999999999999, 0.004212, 0.004569999999999999, 0.0047599999999999995, 0.004622, 0.005152, 0.00522, 0.004948, 0.005031999999999998, 0.005064, 0.0054080000000000005, 0.00525], "0.5": [0.003226, 0.0034860000000000004, 0.003642, 0.003608, 0.0038200000000000005, 0.0038499999999999997, 0.004208, 0.004144, 0.0041979999999999995, 0.004358, 0.00434, 0.00473, 0.004524, 0.004698, 0.0051660000000000005, 0.004994000000000001, 0.005054, 0.004912000000000001, 0.00487, 0.005476, 0.0054280000000000005], "0.55": [0.003296, 0.003556, 0.003576, 0.003882, 0.0038520000000000004, 0.003922, 0.003852, 0.004373999999999999, 0.00441, 0.004474, 0.0043, 0.00438, 0.004508, 0.004602, 0.005204000000000001, 0.004832, 0.005028, 0.00499, 0.0054740000000000014, 0.00519, 0.005212], "0.6": [0.0034940000000000006, 0.0038139999999999997, 0.003871999999999999, 0.004044000000000001, 0.00393, 0.0040100000000000005, 0.004262, 0.00429, 0.0044280000000000005, 0.004534, 0.004548, 0.004477999999999999, 0.004744000000000001, 0.004607999999999999, 0.004913999999999999, 0.004942, 0.005033999999999999, 0.0051259999999999995, 0.00507, 0.005385999999999999, 0.0054919999999999995], "0.65": [0.003782, 0.003548, 0.003864, 0.00399, 0.004057999999999999, 0.004199999999999999, 0.0044540000000000005, 0.004252000000000001, 0.004216, 0.004686, 0.004866, 0.0048200000000000005, 0.004592, 0.0048200000000000005, 0.005115999999999999, 0.005211999999999999, 0.005124, 0.00529, 0.005045999999999999, 0.00506, 0.005504000000000001], "0.7": [0.004176, 0.003867999999999999, 0.0038899999999999994, 0.004084, 0.004184, 0.004256, 0.004246, 0.004566000000000001, 0.004518, 0.004528, 0.00458, 0.00443, 0.005152000000000001, 0.005002000000000001, 0.005278000000000001, 0.004946, 0.005112, 0.005390000000000001, 0.005068, 0.0052060000000000006, 0.005238], "0.75": [0.004025999999999999, 0.00418, 0.0041340000000000005, 0.0043, 0.004432, 0.004446, 0.004878, 0.004854, 0.004698, 0.0045119999999999995, 0.004582, 0.004644, 0.005162, 0.00467, 0.005112, 0.004692, 0.005084, 0.004802, 0.005538, 0.00509, 0.0049640000000000005], "0.8": [0.004108, 0.004096, 0.00425, 0.0046819999999999995, 0.004584, 0.005028, 0.004876, 0.0050219999999999996, 0.0048660000000000005, 0.00456, 0.004708, 0.004986, 0.00502, 0.005104, 0.004908, 0.0048, 0.005272, 0.005484, 0.005508, 0.005234, 0.005451999999999999], "0.85": [0.00443, 0.0046760000000000005, 0.004293999999999999, 0.004984, 0.004768, 0.00456, 0.004778, 0.004514, 0.004794, 0.0049499999999999995, 0.004958000000000001, 0.004858, 0.005238, 0.0048980000000000004, 0.00494, 0.005114, 0.005216000000000001, 0.004692000000000001, 0.0053, 0.00538, 0.005094], "0.9": [0.0048319999999999995, 0.004768, 0.00513, 0.005048, 0.00489, 0.004916, 0.004816, 0.004908, 0.004944, 0.005052000000000001, 0.0050019999999999995, 0.005085999999999999, 0.00523, 0.005032000000000001, 0.005137999999999999, 0.005174, 0.005778000000000001, 0.005062, 0.005196000000000001, 0.005436, 0.005512], "0.95": [0.004851999999999999, 0.004736000000000001, 0.004924, 0.00493, 0.005410000000000001, 0.00493, 0.005234000000000001, 0.005142, 0.005374000000000001, 0.0052, 0.004941999999999999, 0.005509999999999999, 0.005216000000000002, 0.005196000000000001, 0.004968, 0.00499, 0.005425999999999999, 0.005286000000000001, 0.005296, 0.005489999999999999, 0.004942], "1.0": [0.005215999999999999, 0.0055000000000000005, 0.0053300000000000005, 0.005138, 0.005531999999999999, 0.005622, 0.005332, 0.005183999999999999, 0.005548, 0.005178, 0.005247999999999999, 0.005726, 0.005056000000000001, 0.005412, 0.005364, 0.004874, 0.005024, 0.005425999999999999, 0.0051400000000000005, 0.005381999999999999, 0.0054]}