{"0.0": [0.002452, 0.0026180000000000005, 0.0027040000000000002, 0.002896, 0.0029220000000000006, 0.003098, 0.003332, 0.003398, 0.0035019999999999995, 0.003512000000000001, 0.0034600000000000004, 0.004039999999999999, 0.003948, 0.004006, 0.004748, 0.0044740000000000005, 0.004738, 0.005072, 0.00488, 0.005104, 0.005452], "0.05": [0.002702, 0.002702, 0.0027660000000000002, 0.002865999999999999, 0.0031239999999999996, 0.003188, 0.0033280000000000002, 0.0036620000000000003, 0.0036940000000000002, 0.0037659999999999994, 0.0039440000000000005, 0.004098000000000001, 0.004254, 0.004366, 0.004699999999999999, 0.004739999999999999, 0.004658, 0.00503, 0.005058, 0.005396000000000001, 0.0050940000000000004], "0.1": [0.0025800000000000003, 0.00277, 0.0028359999999999995, 0.0030100000000000005, 0.003024, 0.0030779999999999996, 0.003304, 0.0036580000000000002, 0.003572, 0.0037, 0.004096, 0.004203999999999999, 0.004614, 0.004336, 0.004516, 0.004554, 0.00455, 0.00502, 0.005104, 0.005404, 0.005619999999999999], "0.15": [0.0027980000000000006, 0.002668, 0.00292, 0.002965999999999999, 0.0030879999999999996, 0.0034859999999999995, 0.0034459999999999994, 0.0036860000000000005, 0.003766, 0.004002, 0.004172, 0.0040420000000000005, 0.004198, 0.004424, 0.0043679999999999995, 0.004752000000000001, 0.0047220000000000005, 0.004804, 0.005188000000000001, 0.005327999999999999, 0.005254000000000001], "0.2": [0.002874, 0.0026780000000000003, 0.00291, 0.003086, 0.0032780000000000005, 0.0033220000000000003, 0.003574, 0.003892, 0.003952000000000001, 0.003934, 0.004052, 0.004304, 0.004327999999999999, 0.004921999999999999, 0.00484, 0.004947999999999999, 0.004871999999999999, 0.004699999999999999, 0.005042, 0.0051259999999999995, 0.00502], "0.25": [0.0029059999999999997, 0.002784, 0.003, 0.00309, 0.00329, 0.003402, 0.0037819999999999998, 0.0037399999999999994, 0.0037660000000000003, 0.0041519999999999994, 0.00399, 0.0042380000000000004, 0.004716000000000001, 0.0045119999999999995, 0.004646, 0.0047279999999999996, 0.005132000000000001, 0.005175999999999999, 0.004798, 0.004922, 0.005405999999999999], "0.3": [0.00308, 0.0031579999999999998, 0.0032860000000000007, 0.0032979999999999997, 0.003328, 0.0036580000000000002, 0.003646, 0.003908, 0.003856, 0.0039120000000000005, 0.004092000000000001, 0.00462, 0.004334, 0.004548, 0.005117999999999999, 0.004808000000000001, 0.0047799999999999995, 0.004852, 0.005350000000000001, 0.005162, 0.005286000000000001], "0.35": [0.002978, 0.00313, 0.003158, 0.00342, 0.003566, 0.00364, 0.0038039999999999997, 0.003981999999999999, 0.0037019999999999996, 0.0040420000000000005, 0.004327999999999999, 0.004350000000000001, 0.004581999999999999, 0.004914, 0.004794, 0.00501, 0.0043760000000000005, 0.005084, 0.005135999999999999, 0.005159999999999999, 0.005212], "0.4": [0.0030619999999999996, 0.00319, 0.003324, 0.0033820000000000005, 0.0034959999999999995, 0.0036679999999999994, 0.00379, 0.004065999999999999, 0.003884, 0.004152, 0.004528000000000001, 0.0044919999999999995, 0.0046240000000000005, 0.004642, 0.004646, 0.004913999999999999, 0.005032, 0.0052239999999999995, 0.005178, 0.005246, 0.0052380000000000005], "0.45": [0.0030200000000000005, 0.0032120000000000004, 0.0034120000000000005, 0.003662, 0.003616, 0.003998, 0.003976, 0.0041080000000000005, 0.0044139999999999995, 0.004454, 0.004306, 0.004616, 0.0045980000000000005, 0.0046, 0.004608, 0.004965999999999999, 0.004782, 0.004966000000000001, 0.00527, 0.005214, 0.005276], "0.5": [0.0032819999999999998, 0.0034180000000000005, 0.0033940000000000007, 0.003468, 0.003558, 0.004038, 0.0037359999999999997, 0.004200000000000001, 0.004163999999999999, 0.004454, 0.00439, 0.004776, 0.00462, 0.0046559999999999995, 0.00468, 0.004710000000000001, 0.005283999999999999, 0.004982, 0.005272, 0.005098, 0.005231999999999999], "0.55": [0.0035079999999999994, 0.003532, 0.0036040000000000004, 0.0038239999999999997, 0.003872, 0.003882, 0.0039000000000000003, 0.004278, 0.004296, 0.004448, 0.004782, 0.004472, 0.004682, 0.004832, 0.004886, 0.00499, 0.0048980000000000004, 0.0048920000000000005, 0.005298, 0.0052899999999999996, 0.005654], "0.6": [0.0035040000000000006, 0.00392, 0.0037419999999999997, 0.003954000000000001, 0.004016, 0.004082, 0.004033999999999999, 0.004168, 0.004466, 0.004226000000000001, 0.004508, 0.004768, 0.004656, 0.005098, 0.004928, 0.005118, 0.005045999999999999, 0.004944, 0.004992, 0.005158, 0.0051459999999999995], "0.65": [0.0037280000000000004, 0.0036079999999999997, 0.003886, 0.004138, 0.0041800000000000006, 0.004232, 0.0043820000000000005, 0.004444, 0.004494000000000001, 0.0045639999999999995, 0.0045780000000000005, 0.004698, 0.004818, 0.00479, 0.004844, 0.005232, 0.005520000000000001, 0.004904, 0.005498, 0.00521, 0.005374000000000001], "0.7": [0.0039900000000000005, 0.004104, 0.004253999999999999, 0.004039999999999999, 0.004194, 0.004148000000000001, 0.004456, 0.004652, 0.004616, 0.00466, 0.00503, 0.004622, 0.0047859999999999995, 0.005196000000000001, 0.005078, 0.004774, 0.00532, 0.00557, 0.005122, 0.00544, 0.0050539999999999995], "0.75": [0.00425, 0.004108, 0.0045, 0.004462, 0.004368, 0.004488, 0.004438, 0.004856, 0.004886, 0.004526, 0.005008, 0.00496, 0.004812, 0.004763999999999999, 0.005234, 0.005129999999999999, 0.005020000000000001, 0.005167999999999999, 0.005098, 0.00504, 0.00513], "0.8": [0.004059999999999999, 0.004454, 0.004458, 0.004686, 0.004292, 0.0045579999999999996, 0.0047, 0.005138, 0.004626, 0.004716000000000001, 0.0050880000000000005, 0.004932, 0.0050360000000000005, 0.0054139999999999995, 0.0052920000000000016, 0.00513, 0.0053820000000000005, 0.005242, 0.005056, 0.005208000000000001, 0.005437999999999999], "0.85": [0.004438, 0.004314, 0.004952, 0.004688, 0.004828, 0.004844, 0.004738, 0.004731999999999999, 0.00505, 0.0050219999999999996, 0.00502, 0.005012, 0.0051400000000000005, 0.00489, 0.004864, 0.0053479999999999995, 0.005506, 0.004972000000000001, 0.005412, 0.005189999999999999, 0.005356], "0.9": [0.004628, 0.004594, 0.00502, 0.004869999999999999, 0.004968, 0.005064, 0.004658, 0.005214000000000001, 0.005127999999999999, 0.005029999999999999, 0.005259999999999999, 0.00526, 0.005426000000000001, 0.0051400000000000005, 0.005563999999999999, 0.0054, 0.005206, 0.0051140000000000005, 0.005262, 0.005457999999999999, 0.005576000000000001], "0.95": [0.004784, 0.005422, 0.0050279999999999995, 0.004744, 0.004891999999999999, 0.0049180000000000005, 0.005028, 0.004894, 0.004998, 0.005155999999999999, 0.005039999999999999, 0.004926, 0.0053939999999999995, 0.005194000000000001, 0.00485, 0.005128000000000001, 0.0053279999999999985, 0.004742, 0.005642, 0.005312, 0.0053620000000000004], "1.0": [0.005659999999999999, 0.0054139999999999995, 0.004808, 0.005144000000000001, 0.0050160000000000005, 0.0052200000000000015, 0.005238, 0.005361999999999999, 0.005444, 0.0052580000000000005, 0.005175999999999999, 0.0053820000000000005, 0.005259999999999999, 0.005114, 0.005222, 0.005591999999999999, 0.005432, 0.005431999999999999, 0.005266, 0.005216000000000001, 0.005581999999999999]}