{"0.0": [0.002528, 0.0026720000000000003, 0.0026579999999999993, 0.0027459999999999997, 0.002972, 0.0029920000000000003, 0.0033639999999999994, 0.003376, 0.0034280000000000005, 0.003644, 0.003996, 0.004112, 0.004039999999999999, 0.003952, 0.004306, 0.0044599999999999996, 0.004624, 0.0048460000000000005, 0.005244000000000001, 0.00483, 0.005222], "0.05": [0.0026239999999999996, 0.0025739999999999995, 0.0028619999999999995, 0.002892, 0.003084, 0.0032579999999999996, 0.003554, 0.00368, 0.0036959999999999996, 0.003866, 0.003806, 0.0040479999999999995, 0.004308, 0.004414, 0.004598, 0.004438, 0.004708, 0.004978, 0.0050219999999999996, 0.005316, 0.005431999999999999], "0.1": [0.002546, 0.0027980000000000006, 0.0027600000000000003, 0.002864, 0.0031739999999999997, 0.0031320000000000002, 0.0034860000000000004, 0.003538, 0.0035939999999999995, 0.0038799999999999998, 0.0038859999999999993, 0.004226, 0.0041140000000000005, 0.0045179999999999994, 0.004416000000000001, 0.00466, 0.005044, 0.005302, 0.005365999999999999, 0.005346, 0.004946], "0.15": [0.0026499999999999996, 0.002764, 0.0029580000000000006, 0.0030760000000000006, 0.0031439999999999997, 0.0033199999999999996, 0.0034620000000000002, 0.0034720000000000003, 0.003784, 0.00401, 0.004114, 0.004146, 0.004134, 0.004458, 0.004226, 0.004765999999999999, 0.00441, 0.004764, 0.004718, 0.005138, 0.005112], "0.2": [0.002800000000000001, 0.00295, 0.0030340000000000002, 0.002986, 0.003352, 0.0033499999999999997, 0.0035159999999999996, 0.003756, 0.0037819999999999998, 0.0038880000000000004, 0.0040100000000000005, 0.00394, 0.00442, 0.00417, 0.004694, 0.004962, 0.004941999999999999, 0.005128000000000001, 0.005388, 0.005686, 0.005319999999999999], "0.25": [0.0028040000000000005, 0.0030319999999999995, 0.0031160000000000003, 0.0032860000000000007, 0.003338, 0.0034839999999999997, 0.0035559999999999997, 0.0038380000000000003, 0.003856, 0.003789999999999999, 0.004246, 0.004298, 0.004477999999999999, 0.004732, 0.004836, 0.00463, 0.0048, 0.005287999999999999, 0.005046, 0.00508, 0.005452], "0.3": [0.0030400000000000006, 0.0031339999999999996, 0.0032819999999999998, 0.0031280000000000006, 0.0034999999999999996, 0.0036460000000000004, 0.0034459999999999994, 0.0037040000000000003, 0.003936, 0.004126, 0.004262, 0.004346, 0.004294, 0.004538, 0.004576, 0.00452, 0.004908000000000001, 0.004938, 0.005028, 0.00504, 0.005236000000000001], "0.35": [0.0031320000000000002, 0.0029800000000000004, 0.0030839999999999995, 0.0033819999999999996, 0.003398, 0.0033740000000000003, 0.0037419999999999997, 0.004033999999999999, 0.003984, 0.004079999999999999, 0.004418, 0.004203999999999999, 0.004494000000000001, 0.004582, 0.004846, 0.004543999999999999, 0.005102, 0.004684, 0.004967999999999999, 0.005280000000000002, 0.0051080000000000006], "0.4": [0.0030400000000000006, 0.0033159999999999995, 0.0033979999999999995, 0.003544, 0.0037320000000000005, 0.0037040000000000003, 0.0037839999999999996, 0.0038720000000000004, 0.004260000000000001, 0.004312, 0.004352, 0.004554, 0.004588, 0.0048920000000000005, 0.00466, 0.004961999999999999, 0.0047680000000000005, 0.005374, 0.0051660000000000005, 0.005180000000000001, 0.005148000000000001], "0.45": [0.003306, 0.0033480000000000003, 0.00353, 0.0037259999999999997, 0.0037239999999999994, 0.0038480000000000003, 0.004208000000000001, 0.004023999999999999, 0.0044340000000000004, 0.0041659999999999996, 0.0043479999999999994, 0.004252000000000001, 0.004452, 0.00479, 0.004766, 0.0049559999999999995, 0.004658, 0.004966, 0.005109999999999999, 0.005339999999999999, 0.005573999999999999], "0.5": [0.0032799999999999995, 0.003518, 0.0034839999999999993, 0.003612, 0.003956, 0.003972, 0.00412, 0.004354, 0.004226000000000001, 0.004449999999999999, 0.004612, 0.00443, 0.004626, 0.004874, 0.004778, 0.004784, 0.00487, 0.005498, 0.0049039999999999995, 0.005268, 0.004896], "0.55": [0.003432, 0.0033759999999999997, 0.0036460000000000004, 0.0037160000000000006, 0.003588, 0.004038, 0.0040479999999999995, 0.0043100000000000005, 0.004364, 0.004224, 0.004549999999999999, 0.004902, 0.004672, 0.0047079999999999995, 0.0049380000000000005, 0.005096000000000001, 0.004978, 0.0051600000000000005, 0.005013999999999999, 0.005, 0.005352], "0.6": [0.003404, 0.003522, 0.00381, 0.00399, 0.0039239999999999995, 0.004116, 0.00416, 0.0044020000000000005, 0.004506, 0.004506, 0.004656, 0.004486, 0.0051340000000000005, 0.0049440000000000005, 0.005066, 0.00479, 0.00509, 0.0051, 0.0050539999999999995, 0.0050360000000000005, 0.005411999999999999], "0.65": [0.003674, 0.003988, 0.003918, 0.003958, 0.004195999999999999, 0.003968, 0.004365999999999999, 0.00461, 0.004562, 0.0046500000000000005, 0.004548, 0.004704000000000001, 0.005, 0.004797999999999999, 0.005048, 0.004824, 0.0049960000000000004, 0.005358000000000001, 0.005302, 0.004965999999999999, 0.0052060000000000006], "0.7": [0.003858, 0.004122, 0.004116, 0.004154, 0.004573999999999999, 0.004234, 0.004535999999999999, 0.004204, 0.004449999999999999, 0.004514000000000001, 0.005058, 0.004708, 0.004998, 0.004914, 0.004912, 0.004954, 0.005332, 0.004991999999999999, 0.005158, 0.005298, 0.005158], "0.75": [0.003932, 0.004108, 0.00416, 0.004108, 0.00408, 0.004478, 0.0046359999999999995, 0.00461, 0.004742, 0.00493, 0.004800000000000001, 0.005104, 0.00497, 0.005106, 0.004936, 0.005122, 0.005118, 0.00515, 0.005298000000000001, 0.0052239999999999995, 0.005175999999999999], "0.8": [0.004212, 0.004288, 0.004346, 0.004252, 0.004973999999999999, 0.004678, 0.004641999999999999, 0.0047139999999999994, 0.004958, 0.004882, 0.005084, 0.004848, 0.005278000000000001, 0.005222, 0.004872, 0.005018, 0.005314, 0.005306000000000001, 0.005371999999999999, 0.0050019999999999995, 0.005274000000000001], "0.85": [0.0045579999999999996, 0.004524, 0.004574, 0.004744000000000001, 0.004502, 0.004720000000000001, 0.0045899999999999995, 0.004704, 0.005033999999999999, 0.004658000000000001, 0.00487, 0.004924, 0.005028, 0.005258, 0.0047279999999999996, 0.00542, 0.0050160000000000005, 0.005322, 0.005658, 0.005468, 0.00499], "0.9": [0.004642, 0.00476, 0.005025999999999999, 0.005006, 0.004772, 0.00484, 0.005065999999999999, 0.004978, 0.004962, 0.00512, 0.005199999999999999, 0.004926, 0.005598, 0.005298, 0.005044, 0.005406000000000001, 0.004876, 0.005158, 0.005492, 0.005234000000000001, 0.005122], "0.95": [0.005048, 0.005208000000000001, 0.00478, 0.0050279999999999995, 0.004932000000000001, 0.005267999999999999, 0.005026, 0.0051, 0.005127999999999999, 0.00557, 0.005322, 0.005569999999999999, 0.005203999999999999, 0.00526, 0.005078, 0.005251999999999999, 0.005454, 0.005352, 0.00526, 0.005393999999999999, 0.005248], "1.0": [0.005429999999999999, 0.00523, 0.005456, 0.005169999999999999, 0.005377999999999999, 0.005180000000000001, 0.005354, 0.005496, 0.005134, 0.005092, 0.005475999999999998, 0.004985999999999999, 0.005236000000000001, 0.005252, 0.005183999999999999, 0.005344000000000001, 0.0050219999999999996, 0.0058519999999999996, 0.0051660000000000005, 0.005066, 0.004998]}