{"0.0": [0.00249, 0.002532, 0.0027680000000000005, 0.002912, 0.002954, 0.003134, 0.0033219999999999994, 0.0033799999999999998, 0.003512, 0.0037439999999999995, 0.004059999999999999, 0.00381, 0.0041140000000000005, 0.004086, 0.004418, 0.004668, 0.004774, 0.004936, 0.004816, 0.00492, 0.005104], "0.05": [0.002664000000000001, 0.002702, 0.002902, 0.003058, 0.0031079999999999997, 0.003096, 0.0034939999999999997, 0.003592, 0.0034019999999999996, 0.003764, 0.003844, 0.004118, 0.004424, 0.0042439999999999995, 0.004543999999999999, 0.004772, 0.004556, 0.005064, 0.005018, 0.005234, 0.005183999999999999], "0.1": [0.0026080000000000005, 0.002822, 0.0028919999999999996, 0.0029740000000000005, 0.0031439999999999997, 0.00309, 0.0035119999999999995, 0.0034460000000000003, 0.003836, 0.0037199999999999998, 0.004006, 0.004174, 0.004069999999999999, 0.004468000000000001, 0.004634, 0.0045899999999999995, 0.0047799999999999995, 0.004618, 0.005457999999999999, 0.005135999999999999, 0.005434], "0.15": [0.002656, 0.0026939999999999998, 0.002842, 0.0030559999999999997, 0.003144, 0.0032439999999999995, 0.003596, 0.0035820000000000005, 0.0037119999999999996, 0.00382, 0.0038580000000000003, 0.004136, 0.0041259999999999995, 0.004392, 0.004306, 0.004766000000000001, 0.004662, 0.0053620000000000004, 0.0054399999999999995, 0.005242, 0.005199999999999999], "0.2": [0.002662, 0.002788, 0.0031039999999999996, 0.003144, 0.003246, 0.003336, 0.0035099999999999992, 0.003536, 0.0038899999999999994, 0.0038940000000000003, 0.004114, 0.004088, 0.00419, 0.00423, 0.004358, 0.004935999999999999, 0.004848, 0.00507, 0.00513, 0.0048920000000000005, 0.005254000000000001], "0.25": [0.0027419999999999996, 0.002902, 0.0031239999999999996, 0.003378, 0.003417999999999999, 0.003232, 0.0032939999999999996, 0.003796, 0.0037919999999999994, 0.004188, 0.0041459999999999995, 0.004192, 0.004148, 0.0043419999999999995, 0.004988, 0.0047279999999999996, 0.0051400000000000005, 0.005306, 0.005008, 0.0052520000000000015, 0.005395999999999999], "0.3": [0.0028039999999999996, 0.002918, 0.003186, 0.003222, 0.003424, 0.003534, 0.003572, 0.0037979999999999997, 0.00405, 0.004116, 0.004157999999999999, 0.004386, 0.0042380000000000004, 0.004392, 0.004782, 0.00472, 0.005118, 0.004756, 0.005199999999999999, 0.005184000000000001, 0.005192], "0.35": [0.0030039999999999993, 0.0030960000000000002, 0.0030519999999999996, 0.003354, 0.0035219999999999995, 0.0036800000000000005, 0.0037459999999999993, 0.0038359999999999996, 0.0039440000000000005, 0.004176, 0.004765999999999999, 0.004324, 0.004514000000000001, 0.004699999999999999, 0.004802, 0.0047740000000000005, 0.004788, 0.004924, 0.005476000000000001, 0.005195999999999999, 0.005396], "0.4": [0.0031, 0.003256, 0.003216, 0.0034300000000000003, 0.0036820000000000004, 0.003892, 0.004014, 0.00385, 0.0040479999999999995, 0.00439, 0.0045379999999999995, 0.0049180000000000005, 0.00473, 0.004664, 0.00464, 0.004608, 0.004856, 0.00492, 0.004889999999999999, 0.0051459999999999995, 0.0055340000000000025], "0.45": [0.0033099999999999996, 0.003164, 0.0034459999999999994, 0.003512000000000001, 0.0037119999999999996, 0.00388, 0.003738, 0.004108, 0.00435, 0.004312, 0.0042320000000000005, 0.004442, 0.004768, 0.004777999999999999, 0.004744, 0.00498, 0.0046359999999999995, 0.004941999999999999, 0.004742, 0.0053560000000000005, 0.005328], "0.5": [0.0032880000000000006, 0.0036279999999999997, 0.0033520000000000004, 0.003594, 0.003822, 0.003988, 0.003924, 0.0038580000000000003, 0.004184, 0.004354, 0.0047220000000000005, 0.004584, 0.004586, 0.004294, 0.00481, 0.004688, 0.005076, 0.005169999999999999, 0.005168000000000002, 0.004862, 0.005829999999999999], "0.55": [0.003404, 0.003376, 0.0037160000000000006, 0.0037019999999999996, 0.0037779999999999997, 0.00415, 0.004104, 0.004098, 0.004406, 0.004535999999999999, 0.004366, 0.004672, 0.004634, 0.004592, 0.004723999999999999, 0.00498, 0.004986, 0.004964, 0.004948, 0.005094, 0.00517], "0.6": [0.003438, 0.003648, 0.0038640000000000002, 0.00396, 0.003948, 0.004083999999999999, 0.004287999999999999, 0.004372, 0.004592, 0.0046359999999999995, 0.004618, 0.004858, 0.004994, 0.004817999999999999, 0.004683999999999999, 0.004712, 0.004888000000000001, 0.005287999999999999, 0.005005999999999999, 0.005250000000000001, 0.005226], "0.65": [0.0037180000000000004, 0.003954, 0.003921999999999999, 0.004124, 0.004062, 0.00436, 0.0046300000000000004, 0.00464, 0.004496, 0.004638, 0.004822, 0.00453, 0.004566, 0.00487, 0.005231999999999999, 0.004746, 0.004752, 0.005148000000000001, 0.005374000000000001, 0.00536, 0.0054020000000000006], "0.7": [0.004004, 0.004142, 0.00409, 0.00386, 0.004232, 0.004602, 0.0042899999999999995, 0.004268, 0.004482, 0.004956, 0.005024000000000001, 0.0047599999999999995, 0.004900000000000001, 0.004746, 0.0049180000000000005, 0.005104, 0.0051, 0.005294000000000001, 0.005287999999999999, 0.005132000000000001, 0.005302], "0.75": [0.004154, 0.003766, 0.003998, 0.004336, 0.004698000000000001, 0.0046879999999999995, 0.004284, 0.004594, 0.004652, 0.004722, 0.0046, 0.005064, 0.004783999999999999, 0.004818, 0.0048319999999999995, 0.00488, 0.005612000000000001, 0.005132000000000001, 0.0053019999999999986, 0.005208000000000001, 0.00527], "0.8": [0.004255999999999999, 0.004324, 0.004353999999999999, 0.004682, 0.004595999999999999, 0.004638, 0.00462, 0.00459, 0.00463, 0.00489, 0.004828, 0.004554, 0.005198, 0.005208000000000001, 0.0055899999999999995, 0.0050479999999999995, 0.00521, 0.005385999999999999, 0.0054659999999999995, 0.005568, 0.005115999999999999], "0.85": [0.004574, 0.004134, 0.004592, 0.004578, 0.004508000000000001, 0.004854, 0.004772, 0.004718, 0.004860000000000001, 0.005202000000000001, 0.005262, 0.004886, 0.00506, 0.005058, 0.00524, 0.005265999999999998, 0.005294, 0.005430000000000001, 0.005278000000000001, 0.004948, 0.005434], "0.9": [0.004438, 0.0047339999999999995, 0.0049499999999999995, 0.005134, 0.005084, 0.004834, 0.004674, 0.005102, 0.005046, 0.00513, 0.005002000000000001, 0.005082, 0.005278, 0.005112, 0.0055000000000000005, 0.005676, 0.005384000000000001, 0.00509, 0.005452000000000001, 0.005377999999999999, 0.005574], "0.95": [0.004946, 0.005012, 0.005162, 0.005084, 0.005048, 0.004868, 0.004959999999999999, 0.005202, 0.005106, 0.004844, 0.0050539999999999995, 0.005128000000000001, 0.005336, 0.004914, 0.0054459999999999995, 0.004984, 0.00534, 0.005202, 0.004912, 0.0053300000000000005, 0.005182], "1.0": [0.005534, 0.005232, 0.005556, 0.005553999999999999, 0.00526, 0.0049380000000000005, 0.005452000000000001, 0.005258, 0.005304, 0.005404, 0.005446000000000001, 0.005304, 0.005396000000000001, 0.005454, 0.0051860000000000005, 0.005437999999999998, 0.005262, 0.005469999999999999, 0.005314000000000001, 0.00555, 0.005336]}