{"0.0": [0.002538, 0.0027179999999999995, 0.002742, 0.0027799999999999995, 0.0030339999999999994, 0.0031179999999999997, 0.003246, 0.003348, 0.00358, 0.003544, 0.003928, 0.004033999999999999, 0.0040999999999999995, 0.004336, 0.0045980000000000005, 0.004546, 0.004806, 0.004958000000000001, 0.004856, 0.004941999999999999, 0.005234000000000001], "0.05": [0.002562, 0.002628, 0.0027420000000000005, 0.002936, 0.0030179999999999994, 0.003082, 0.0033940000000000003, 0.0034580000000000006, 0.00358, 0.0037059999999999997, 0.0037319999999999996, 0.0038580000000000003, 0.004196, 0.004562, 0.004656, 0.004628, 0.004913999999999999, 0.005255999999999999, 0.005008, 0.0051719999999999995, 0.005166], "0.1": [0.0024980000000000002, 0.0027859999999999994, 0.0026680000000000002, 0.0030160000000000005, 0.0032440000000000004, 0.0033219999999999994, 0.003438, 0.0035279999999999995, 0.00344, 0.0035060000000000004, 0.003974, 0.004278, 0.004308, 0.004782, 0.004818, 0.004688, 0.005036, 0.005291999999999999, 0.005128000000000001, 0.005522000000000002, 0.0053939999999999995], "0.15": [0.00254, 0.0029060000000000006, 0.002864, 0.002994, 0.0030579999999999995, 0.003202, 0.0033659999999999996, 0.003434, 0.0037099999999999998, 0.003754, 0.0042, 0.004294, 0.0042060000000000005, 0.004071999999999999, 0.004748, 0.004746, 0.0046819999999999995, 0.00481, 0.0049039999999999995, 0.004941999999999999, 0.005278000000000001], "0.2": [0.0025940000000000004, 0.0030199999999999992, 0.0030659999999999997, 0.0032680000000000005, 0.003146, 0.00336, 0.0037479999999999996, 0.003782, 0.0039640000000000005, 0.0040420000000000005, 0.0042639999999999996, 0.004149999999999999, 0.00409, 0.004412, 0.004442, 0.0047139999999999994, 0.004534, 0.005162000000000001, 0.005072, 0.005194, 0.005174], "0.25": [0.0028420000000000008, 0.002892, 0.003144, 0.0032740000000000004, 0.0033320000000000003, 0.0035019999999999995, 0.0035719999999999997, 0.0037140000000000007, 0.0036819999999999995, 0.00398, 0.004368, 0.004071999999999999, 0.0044540000000000005, 0.004586, 0.0046040000000000005, 0.0048119999999999994, 0.004848, 0.005334, 0.0049499999999999995, 0.0051779999999999994, 0.005213999999999999], "0.3": [0.002892, 0.0030859999999999998, 0.003188, 0.003538, 0.0033319999999999995, 0.0035359999999999996, 0.00369, 0.003894, 0.0038159999999999995, 0.004006, 0.004077999999999999, 0.004324, 0.004356, 0.00451, 0.004672, 0.005122, 0.00481, 0.0050019999999999995, 0.004868000000000001, 0.0051140000000000005, 0.005372000000000001], "0.35": [0.0031820000000000004, 0.0030140000000000006, 0.00328, 0.003257999999999999, 0.0034580000000000006, 0.0036179999999999997, 0.0039040000000000004, 0.003956, 0.004088, 0.0043360000000000004, 0.004098, 0.0042320000000000005, 0.004514000000000001, 0.004578, 0.0045579999999999996, 0.004730000000000001, 0.004786, 0.00491, 0.005502000000000002, 0.005478, 0.005296], "0.4": [0.003164, 0.0031460000000000004, 0.0033339999999999997, 0.0032359999999999993, 0.0036019999999999997, 0.0037040000000000003, 0.003914, 0.00395, 0.004114, 0.004338, 0.004304, 0.0046, 0.004502, 0.004418, 0.004656, 0.004878, 0.00472, 0.00527, 0.005089999999999999, 0.005212, 0.005389999999999999], "0.45": [0.00311, 0.00334, 0.0036539999999999993, 0.0033920000000000005, 0.0035619999999999996, 0.0037879999999999997, 0.004124, 0.004008, 0.004332, 0.004174, 0.004588, 0.00436, 0.004738, 0.004894, 0.00473, 0.0051719999999999995, 0.005092, 0.004988, 0.004964, 0.005314000000000001, 0.005514], "0.5": [0.003502, 0.0034480000000000005, 0.003598, 0.003558, 0.003872, 0.0040420000000000005, 0.004112, 0.004352, 0.004314, 0.00411, 0.004162, 0.0044740000000000005, 0.004662, 0.004734, 0.004834, 0.005122, 0.005199999999999999, 0.004908000000000001, 0.005366000000000001, 0.005344, 0.005180000000000001], "0.55": [0.003526, 0.003578, 0.0036819999999999995, 0.003546, 0.004096, 0.004064000000000001, 0.004002, 0.004278, 0.004154, 0.004562, 0.004328, 0.004764000000000001, 0.004668, 0.004866, 0.005415999999999999, 0.004985999999999999, 0.00489, 0.005218, 0.005396, 0.0056819999999999996, 0.0052239999999999995], "0.6": [0.0037, 0.0036299999999999995, 0.003934, 0.003974, 0.004061999999999999, 0.004204, 0.004378, 0.00438, 0.004379999999999999, 0.0044740000000000005, 0.004978, 0.004896, 0.004668, 0.004973999999999999, 0.004978, 0.005354, 0.004902, 0.005262, 0.005304, 0.005300000000000002, 0.005154000000000001], "0.65": [0.0037379999999999996, 0.0039380000000000005, 0.0036440000000000005, 0.004071999999999999, 0.004346, 0.004538, 0.004530000000000001, 0.0043040000000000005, 0.0044, 0.004896, 0.00462, 0.004706, 0.00491, 0.005202, 0.004756, 0.005042, 0.005256, 0.005124, 0.0053040000000000006, 0.0052580000000000005, 0.005602], "0.7": [0.004031999999999999, 0.004104, 0.004146, 0.004286, 0.0043100000000000005, 0.004565999999999999, 0.004444000000000001, 0.004288000000000001, 0.004817999999999999, 0.004464, 0.004828, 0.00479, 0.004858, 0.004892, 0.004744, 0.0053679999999999995, 0.004941999999999999, 0.005488000000000001, 0.005198, 0.005024000000000001, 0.005328], "0.75": [0.004006, 0.0040160000000000005, 0.004302, 0.004444, 0.004348000000000001, 0.004678000000000001, 0.004554, 0.004986, 0.004786, 0.004782, 0.004878, 0.00455, 0.004501999999999999, 0.004872, 0.00504, 0.004762000000000001, 0.00501, 0.005102000000000001, 0.0052439999999999995, 0.005056, 0.005806], "0.8": [0.0041519999999999994, 0.0043879999999999995, 0.004092, 0.004614, 0.004444, 0.004594, 0.004624, 0.004508, 0.004885999999999999, 0.00489, 0.00506, 0.005188000000000001, 0.004782, 0.005216000000000001, 0.00513, 0.005096, 0.005176000000000001, 0.0052239999999999995, 0.005105999999999999, 0.005102, 0.005312], "0.85": [0.004446, 0.004704, 0.004466, 0.004718, 0.004874, 0.004732, 0.004818, 0.005038, 0.005042, 0.004696, 0.005254000000000001, 0.004905999999999999, 0.005052, 0.005298000000000001, 0.005484, 0.0052920000000000016, 0.00529, 0.00512, 0.0051080000000000006, 0.004692, 0.00501], "0.9": [0.00473, 0.004656, 0.0049180000000000005, 0.005002000000000001, 0.0049, 0.004986, 0.005188000000000001, 0.0047799999999999995, 0.005128000000000001, 0.005194, 0.00504, 0.005208000000000001, 0.004933999999999999, 0.005409999999999999, 0.004871999999999999, 0.0051259999999999995, 0.00513, 0.004996, 0.005462, 0.005146, 0.0055200000000000015], "0.95": [0.005492000000000001, 0.005203999999999999, 0.005198, 0.005025999999999999, 0.0050940000000000004, 0.0052060000000000006, 0.00498, 0.005346, 0.004914, 0.004907999999999999, 0.005354, 0.00508, 0.0053560000000000005, 0.005561999999999999, 0.005437999999999999, 0.005308, 0.005222000000000001, 0.005196000000000001, 0.005322, 0.005368, 0.0053159999999999995], "1.0": [0.005178, 0.005274, 0.005344000000000001, 0.005319999999999999, 0.005271999999999999, 0.0054600000000000004, 0.004902, 0.0051660000000000005, 0.0054800000000000005, 0.005543999999999999, 0.00513, 0.005344000000000001, 0.005105999999999999, 0.005448, 0.005346, 0.005214, 0.00522, 0.005580000000000001, 0.005076, 0.005175999999999999, 0.005444]}