{"0.0": [0.005998, 0.0067220000000000005, 0.007764, 0.00863, 0.010294000000000001, 0.0128, 0.016544, 0.018633999999999998, 0.028302, 0.03570400000000001, 0.05880400000000001, 0.112114, 0.18666, 0.340638, 0.466434, 0.520276, 0.5363079999999999, 0.556164, 0.5682200000000001, 0.5710379999999999, 0.57797], "0.05": [0.006154000000000001, 0.006921999999999999, 0.007998, 0.009566, 0.010396, 0.013316, 0.016624, 0.021896000000000006, 0.027768, 0.045608, 0.070088, 0.12172599999999999, 0.234906, 0.366972, 0.49043, 0.5064700000000001, 0.54804, 0.556194, 0.567506, 0.5759839999999999, 0.57802], "0.1": [0.006672, 0.007443999999999999, 0.008632, 0.009871999999999999, 0.011720000000000001, 0.014913999999999998, 0.019889999999999998, 0.025958000000000002, 0.034152, 0.049746, 0.072826, 0.153132, 0.28765799999999997, 0.40621, 0.48140800000000006, 0.524776, 0.545732, 0.5596320000000001, 0.569946, 0.574572, 0.5787559999999999], "0.15": [0.006921999999999999, 0.007816, 0.009137999999999999, 0.011084, 0.012953999999999999, 0.015623999999999997, 0.020798, 0.029941999999999996, 0.039768000000000005, 0.063144, 0.09429799999999998, 0.206222, 0.317166, 0.42879599999999995, 0.496476, 0.5311719999999999, 0.5528540000000001, 0.561406, 0.5677080000000001, 0.5750219999999999, 0.580226], "0.2": [0.0071920000000000005, 0.008254, 0.009701999999999999, 0.011538000000000001, 0.01389, 0.018034, 0.024112, 0.031177999999999997, 0.04419599999999999, 0.08115399999999999, 0.116538, 0.22838999999999998, 0.37207, 0.474928, 0.511282, 0.532784, 0.5544020000000001, 0.563372, 0.5703980000000001, 0.5764480000000001, 0.5785560000000001], "0.25": [0.007873999999999999, 0.009217999999999999, 0.010716000000000002, 0.012944, 0.016604, 0.02001, 0.026326000000000002, 0.038310000000000004, 0.050182000000000004, 0.095762, 0.172302, 0.28637, 0.40745800000000004, 0.479824, 0.5244460000000001, 0.54074, 0.554926, 0.565974, 0.567224, 0.574056, 0.579134], "0.3": [0.008297999999999998, 0.009825999999999998, 0.011739999999999999, 0.014303999999999999, 0.018231999999999998, 0.020906, 0.028982, 0.042038, 0.08107000000000002, 0.117632, 0.20048200000000005, 0.327452, 0.4686580000000001, 0.5093240000000001, 0.526648, 0.5488019999999999, 0.555002, 0.56706, 0.5743539999999999, 0.5778639999999999, 0.578706], "0.35": [0.009218, 0.011138000000000002, 0.012984, 0.017167999999999996, 0.020342000000000002, 0.027143999999999998, 0.036834, 0.054990000000000004, 0.089322, 0.17048999999999995, 0.279234, 0.374726, 0.475506, 0.510064, 0.5319579999999999, 0.549616, 0.5614579999999999, 0.565948, 0.5708620000000001, 0.5755079999999999, 0.578788], "0.4": [0.009776, 0.01218, 0.014412000000000001, 0.018256, 0.024845999999999993, 0.029725999999999995, 0.04592999999999999, 0.073826, 0.138134, 0.219044, 0.31894399999999995, 0.425824, 0.481302, 0.5242659999999999, 0.54304, 0.55146, 0.565644, 0.569074, 0.5692640000000001, 0.575288, 0.579464], "0.45": [0.011785999999999996, 0.014098, 0.017041999999999998, 0.023248, 0.027290000000000002, 0.036444000000000004, 0.062068000000000005, 0.100426, 0.1543, 0.270208, 0.3853359999999999, 0.456104, 0.507004, 0.535152, 0.547836, 0.558326, 0.563576, 0.570248, 0.5725399999999999, 0.57462, 0.577912], "0.5": [0.013076000000000003, 0.01699, 0.021088, 0.028906, 0.035044, 0.04944400000000001, 0.08126, 0.14008400000000001, 0.234456, 0.342198, 0.42026199999999997, 0.488836, 0.52064, 0.537744, 0.5517080000000001, 0.5583980000000001, 0.5687920000000001, 0.568258, 0.57426, 0.5754299999999999, 0.577458], "0.55": [0.016078000000000002, 0.019156000000000003, 0.025768, 0.03441, 0.047119999999999995, 0.066612, 0.130446, 0.18392799999999998, 0.29806, 0.414708, 0.4811559999999999, 0.5096600000000001, 0.5299900000000001, 0.54571, 0.556382, 0.563802, 0.565754, 0.570662, 0.57481, 0.576246, 0.5776439999999999], "0.6": [0.019242000000000002, 0.02577, 0.031104, 0.0467, 0.06871, 0.10293000000000001, 0.167636, 0.306446, 0.375134, 0.466118, 0.5001099999999999, 0.5297379999999999, 0.541336, 0.548044, 0.555844, 0.5640919999999999, 0.565362, 0.571704, 0.575726, 0.577028, 0.579836], "0.65": [0.026718000000000002, 0.032884000000000004, 0.04624399999999999, 0.061944, 0.13295400000000002, 0.20614999999999997, 0.298108, 0.35399, 0.447128, 0.4946979999999999, 0.520164, 0.5350280000000001, 0.5490999999999999, 0.55464, 0.562998, 0.562496, 0.56841, 0.5717479999999999, 0.5748120000000001, 0.579774, 0.579416], "0.7": [0.034832, 0.049632, 0.077352, 0.11735, 0.23525000000000001, 0.292694, 0.37941, 0.462836, 0.49213199999999996, 0.518082, 0.534884, 0.5488639999999999, 0.552508, 0.55891, 0.563924, 0.570838, 0.573174, 0.573762, 0.576812, 0.5786600000000001, 0.579164], "0.75": [0.063496, 0.08821999999999999, 0.143678, 0.230488, 0.33935799999999994, 0.4134439999999999, 0.45324200000000003, 0.4902360000000001, 0.524906, 0.53559, 0.547096, 0.548874, 0.561036, 0.565008, 0.568614, 0.569636, 0.573004, 0.5745659999999999, 0.574516, 0.5788740000000001, 0.5811419999999999], "0.8": [0.12927, 0.20854, 0.300452, 0.4090539999999999, 0.44080600000000003, 0.47086599999999995, 0.498426, 0.525966, 0.539698, 0.546262, 0.55093, 0.559038, 0.5611359999999999, 0.568568, 0.5690440000000001, 0.5733599999999999, 0.573912, 0.575838, 0.577112, 0.5779880000000001, 0.578248], "0.85": [0.305, 0.386984, 0.409852, 0.467194, 0.500208, 0.522022, 0.537344, 0.544742, 0.5540400000000001, 0.5544819999999999, 0.559876, 0.565148, 0.569452, 0.569318, 0.5713320000000001, 0.57337, 0.574042, 0.5769980000000001, 0.575804, 0.579258, 0.5803119999999999], "0.9": [0.45852399999999993, 0.491884, 0.515728, 0.5183059999999999, 0.539236, 0.54471, 0.5546039999999999, 0.557278, 0.5631499999999999, 0.567386, 0.5681299999999999, 0.569204, 0.57304, 0.573478, 0.57534, 0.57701, 0.5762480000000001, 0.578078, 0.57926, 0.5809400000000001, 0.577384], "0.95": [0.535838, 0.54508, 0.55097, 0.5557219999999999, 0.560616, 0.565852, 0.567944, 0.568866, 0.570904, 0.572094, 0.57308, 0.5750320000000001, 0.574596, 0.5760559999999999, 0.576638, 0.5770780000000001, 0.57656, 0.578038, 0.579178, 0.576234, 0.5799599999999999], "1.0": [0.579772, 0.5812240000000001, 0.5763920000000001, 0.5772339999999999, 0.5776060000000001, 0.580028, 0.5776299999999999, 0.57788, 0.579442, 0.579696, 0.57717, 0.5798439999999999, 0.5781040000000001, 0.5789740000000001, 0.580086, 0.579468, 0.579168, 0.577686, 0.57965, 0.5776720000000001, 0.578584]}