{"0.0": [0.005961999999999999, 0.006696, 0.007692, 0.008825999999999999, 0.010375999999999998, 0.012159999999999999, 0.015254000000000004, 0.020278, 0.027266000000000002, 0.041822000000000005, 0.059003999999999994, 0.091924, 0.20843200000000003, 0.34776, 0.4489040000000001, 0.516948, 0.5437139999999999, 0.55677, 0.568652, 0.573934, 0.5800679999999999], "0.05": [0.006288, 0.00709, 0.008202000000000001, 0.009492, 0.010726, 0.014034, 0.015862, 0.022113999999999998, 0.029558, 0.041148, 0.07973599999999999, 0.13088, 0.24872600000000003, 0.4058439999999999, 0.485494, 0.51802, 0.550624, 0.560064, 0.566208, 0.572542, 0.580102], "0.1": [0.006592, 0.007264, 0.008426, 0.010196, 0.01203, 0.014747999999999999, 0.019236, 0.026223999999999997, 0.034406, 0.053084, 0.07957400000000002, 0.147588, 0.277634, 0.42306000000000005, 0.4717960000000001, 0.530138, 0.547402, 0.561758, 0.5689519999999999, 0.5760580000000001, 0.577588], "0.15": [0.006958, 0.007791999999999999, 0.009086, 0.010406000000000002, 0.01326, 0.016009999999999996, 0.019974, 0.026635999999999996, 0.037062, 0.06245, 0.100688, 0.175996, 0.304644, 0.446432, 0.512996, 0.534746, 0.5481300000000001, 0.560572, 0.569254, 0.572058, 0.577676], "0.2": [0.007305999999999999, 0.008464, 0.009682, 0.011850000000000001, 0.014480000000000002, 0.017624, 0.022447999999999996, 0.033431999999999996, 0.050154, 0.07185799999999999, 0.11068400000000002, 0.21963000000000002, 0.359448, 0.46090400000000004, 0.513068, 0.537718, 0.555056, 0.560172, 0.570086, 0.5737340000000001, 0.57852], "0.25": [0.007832, 0.009083999999999998, 0.010932000000000002, 0.013288, 0.015083999999999997, 0.021603999999999998, 0.026847999999999997, 0.037447999999999995, 0.056262, 0.08986599999999999, 0.16801199999999997, 0.278452, 0.40117800000000003, 0.48007999999999995, 0.525228, 0.544736, 0.556196, 0.566286, 0.57202, 0.57357, 0.5782539999999999], "0.3": [0.008438, 0.009608, 0.011559999999999999, 0.013956, 0.017482, 0.02411, 0.029953999999999995, 0.049303999999999994, 0.067076, 0.116874, 0.21798, 0.317122, 0.4646100000000001, 0.487426, 0.530394, 0.5481280000000001, 0.5557040000000001, 0.5638420000000001, 0.571212, 0.574264, 0.57803], "0.35": [0.009476, 0.010764000000000001, 0.012986, 0.015512, 0.020984000000000003, 0.027263999999999997, 0.039465999999999994, 0.05672800000000001, 0.09762400000000002, 0.146262, 0.281616, 0.384322, 0.45718200000000003, 0.518004, 0.5355279999999999, 0.55233, 0.558746, 0.56853, 0.5708660000000001, 0.5740919999999999, 0.578198], "0.4": [0.010483999999999999, 0.012042000000000002, 0.014745999999999999, 0.019528, 0.024644, 0.033496, 0.044932, 0.072688, 0.126266, 0.22821599999999997, 0.332588, 0.37095599999999995, 0.48341800000000007, 0.5244800000000001, 0.543262, 0.5542760000000001, 0.5618860000000001, 0.56824, 0.573516, 0.5757760000000001, 0.5761219999999999], "0.45": [0.011237999999999996, 0.013702, 0.018340000000000002, 0.021755999999999998, 0.029470000000000007, 0.040263999999999994, 0.05839, 0.093554, 0.17552999999999996, 0.244392, 0.380334, 0.458356, 0.5002539999999999, 0.53206, 0.547678, 0.557554, 0.564546, 0.5676979999999999, 0.573012, 0.575248, 0.577326], "0.5": [0.013412000000000002, 0.016568, 0.019896, 0.027016, 0.034929999999999996, 0.049080000000000006, 0.079598, 0.13835999999999998, 0.222324, 0.3579039999999999, 0.42038799999999993, 0.502322, 0.5190400000000001, 0.543074, 0.5502619999999999, 0.5610459999999999, 0.566376, 0.568966, 0.575086, 0.575336, 0.578094], "0.55": [0.015053999999999998, 0.019785999999999998, 0.025564, 0.03332, 0.050328, 0.069496, 0.09802, 0.19040799999999997, 0.32646800000000004, 0.42881, 0.4727499999999999, 0.500968, 0.52524, 0.54439, 0.5524, 0.5622159999999999, 0.5667260000000001, 0.5715160000000001, 0.5737, 0.576484, 0.579402], "0.6": [0.019568000000000002, 0.024068, 0.034156000000000006, 0.045138, 0.06884, 0.121528, 0.18534000000000003, 0.31878799999999996, 0.40476599999999996, 0.453616, 0.494052, 0.5261060000000001, 0.5363420000000001, 0.5497620000000001, 0.5576379999999999, 0.565362, 0.567992, 0.57406, 0.57464, 0.575364, 0.579578], "0.65": [0.024612, 0.035241999999999996, 0.04043, 0.065792, 0.105854, 0.174808, 0.30544399999999994, 0.4019059999999999, 0.46074799999999994, 0.49461799999999995, 0.518572, 0.5356799999999999, 0.5439620000000001, 0.55487, 0.564678, 0.568142, 0.569534, 0.5722179999999999, 0.5762660000000001, 0.5763280000000001, 0.5780080000000001], "0.7": [0.033898000000000005, 0.046703999999999996, 0.073452, 0.121388, 0.19229599999999997, 0.295832, 0.42642399999999997, 0.45492999999999995, 0.49074599999999996, 0.5189720000000001, 0.534986, 0.547334, 0.5552419999999999, 0.55586, 0.565616, 0.568496, 0.57209, 0.57417, 0.5750559999999999, 0.577558, 0.579784], "0.75": [0.056892000000000005, 0.08323400000000002, 0.139142, 0.23134600000000002, 0.333292, 0.39479400000000003, 0.47037399999999996, 0.499964, 0.522764, 0.533958, 0.543048, 0.5491140000000001, 0.561888, 0.56333, 0.569152, 0.5713, 0.571698, 0.5740899999999999, 0.579044, 0.580462, 0.5796], "0.8": [0.11973, 0.200972, 0.316186, 0.3653479999999999, 0.44920599999999994, 0.480294, 0.4987339999999999, 0.523998, 0.5407699999999999, 0.548534, 0.554542, 0.5590040000000001, 0.562192, 0.568906, 0.5698620000000001, 0.570764, 0.5758040000000001, 0.575948, 0.5754239999999999, 0.577128, 0.57806], "0.85": [0.29398, 0.38018799999999997, 0.447052, 0.46050800000000003, 0.49913799999999997, 0.519968, 0.5385880000000001, 0.543178, 0.5488700000000001, 0.558072, 0.563762, 0.565526, 0.568318, 0.57187, 0.572682, 0.574386, 0.577524, 0.57803, 0.5747780000000001, 0.5785399999999999, 0.578854], "0.9": [0.467078, 0.499508, 0.51403, 0.526476, 0.536198, 0.54682, 0.555418, 0.5589080000000001, 0.563082, 0.5645979999999999, 0.566794, 0.571214, 0.572978, 0.5702179999999999, 0.57445, 0.5760639999999999, 0.57721, 0.577, 0.580154, 0.577632, 0.578896], "0.95": [0.5333819999999999, 0.54162, 0.5518419999999999, 0.555902, 0.560086, 0.565258, 0.56738, 0.570982, 0.57155, 0.568822, 0.57333, 0.574728, 0.574408, 0.576718, 0.577072, 0.576808, 0.577182, 0.579034, 0.578708, 0.5797519999999999, 0.5808019999999999], "1.0": [0.579374, 0.577702, 0.5791620000000001, 0.5762559999999999, 0.5796439999999999, 0.5795220000000001, 0.57896, 0.578458, 0.577866, 0.58016, 0.5798920000000001, 0.579364, 0.580298, 0.580632, 0.578638, 0.580682, 0.578606, 0.5792379999999999, 0.576712, 0.5793499999999999, 0.5813280000000001]}