{"0.0": [0.006035999999999999, 0.006542000000000001, 0.007368, 0.008761999999999999, 0.010740000000000001, 0.012644000000000002, 0.016381999999999997, 0.021026000000000003, 0.025871999999999996, 0.039468, 0.06358000000000001, 0.08808000000000002, 0.20316800000000002, 0.32809000000000005, 0.467308, 0.519024, 0.543456, 0.558972, 0.566592, 0.574344, 0.578746], "0.05": [0.00632, 0.006848, 0.008088, 0.009241999999999998, 0.010870000000000001, 0.013094, 0.01692, 0.022686, 0.029284000000000004, 0.043498, 0.07708799999999999, 0.12091399999999998, 0.255716, 0.34587, 0.48883399999999994, 0.522358, 0.547306, 0.559428, 0.5700179999999999, 0.5748300000000001, 0.577764], "0.1": [0.006784, 0.007436000000000001, 0.008402, 0.010014, 0.011956, 0.01535, 0.019246, 0.025436, 0.031892000000000004, 0.051644, 0.080898, 0.150322, 0.285584, 0.438834, 0.492266, 0.5234639999999999, 0.550242, 0.561412, 0.5660019999999999, 0.5760299999999999, 0.5789740000000001], "0.15": [0.007026, 0.007847999999999999, 0.009047999999999999, 0.010826, 0.013197999999999998, 0.016035999999999998, 0.020511999999999996, 0.027281999999999997, 0.042326, 0.056222, 0.10358999999999999, 0.207186, 0.313618, 0.44724800000000003, 0.5082099999999999, 0.530788, 0.546488, 0.563608, 0.569344, 0.577682, 0.5772780000000001], "0.2": [0.00736, 0.008225999999999999, 0.010076, 0.012191999999999998, 0.014252, 0.018586000000000002, 0.024608000000000005, 0.033098, 0.04846, 0.079196, 0.123764, 0.23664600000000002, 0.354734, 0.45124600000000004, 0.51341, 0.5405979999999999, 0.5524859999999999, 0.564308, 0.5700540000000001, 0.575776, 0.578032], "0.25": [0.007804000000000001, 0.009134, 0.0105, 0.01288, 0.015402, 0.021233999999999996, 0.026600000000000002, 0.038598, 0.05194000000000001, 0.091542, 0.17483600000000002, 0.316952, 0.370246, 0.477378, 0.5258120000000001, 0.543224, 0.554004, 0.56303, 0.571772, 0.574856, 0.57831], "0.3": [0.008482, 0.00965, 0.011723999999999998, 0.014256, 0.018156000000000002, 0.024954, 0.03335, 0.047934000000000004, 0.065744, 0.129212, 0.207332, 0.33478600000000003, 0.46025800000000006, 0.495332, 0.5291300000000001, 0.55039, 0.557512, 0.564914, 0.572292, 0.575358, 0.58101], "0.35": [0.009434, 0.01117, 0.013127999999999999, 0.016651999999999997, 0.019948, 0.028031999999999998, 0.037834, 0.053848, 0.087364, 0.127994, 0.23941599999999996, 0.3652139999999999, 0.471704, 0.5149379999999999, 0.5368020000000001, 0.5480339999999999, 0.5584159999999999, 0.568318, 0.5732039999999999, 0.5776220000000001, 0.581094], "0.4": [0.010246, 0.01196, 0.015070000000000002, 0.018771999999999997, 0.023586, 0.031361999999999994, 0.042663999999999994, 0.064182, 0.116818, 0.20689, 0.30892600000000003, 0.44251199999999996, 0.48768, 0.523888, 0.543874, 0.55435, 0.562356, 0.568024, 0.572224, 0.576424, 0.5813200000000001], "0.45": [0.011146000000000003, 0.013162, 0.018766, 0.02085, 0.028215999999999998, 0.037088, 0.06149400000000001, 0.097696, 0.14944599999999997, 0.29605, 0.41119999999999995, 0.4758260000000001, 0.503134, 0.53174, 0.54532, 0.5559, 0.564634, 0.570218, 0.573658, 0.576982, 0.577138], "0.5": [0.013172, 0.016560000000000002, 0.020364, 0.024489999999999998, 0.038402, 0.05208599999999999, 0.07163, 0.137834, 0.22211000000000003, 0.355552, 0.425612, 0.482962, 0.52966, 0.534504, 0.552742, 0.559024, 0.561346, 0.568762, 0.57333, 0.5749520000000001, 0.5789280000000001], "0.55": [0.015375999999999999, 0.02037, 0.025074, 0.033444, 0.05522200000000001, 0.06701399999999999, 0.138614, 0.20453, 0.31902, 0.40578000000000003, 0.48008, 0.5072900000000001, 0.5373939999999999, 0.54579, 0.5509879999999999, 0.5605359999999999, 0.56795, 0.57131, 0.5747000000000001, 0.577816, 0.579858], "0.6": [0.019261999999999998, 0.022021999999999996, 0.031216, 0.047284, 0.065168, 0.11176200000000001, 0.192362, 0.31851199999999996, 0.348082, 0.4654200000000001, 0.497816, 0.51772, 0.533726, 0.552866, 0.559654, 0.566804, 0.5699380000000001, 0.5714279999999999, 0.575262, 0.578358, 0.5812360000000001], "0.65": [0.024480000000000005, 0.030523999999999996, 0.046, 0.063084, 0.11043000000000001, 0.16903, 0.27744, 0.41556, 0.44390599999999997, 0.502102, 0.522412, 0.536084, 0.5487380000000001, 0.5542159999999999, 0.558608, 0.565526, 0.57027, 0.574794, 0.574086, 0.5749980000000001, 0.5780280000000001], "0.7": [0.037446, 0.05289, 0.08488799999999999, 0.127678, 0.17938799999999996, 0.308116, 0.378042, 0.452726, 0.4833359999999999, 0.5182380000000001, 0.537084, 0.5509379999999999, 0.5520539999999999, 0.555772, 0.565256, 0.5673020000000001, 0.572228, 0.574472, 0.575694, 0.57832, 0.578516], "0.75": [0.06448000000000001, 0.082814, 0.153522, 0.24790800000000002, 0.350398, 0.404412, 0.454766, 0.503928, 0.5186940000000001, 0.534758, 0.547192, 0.55208, 0.55981, 0.5632919999999999, 0.5670860000000001, 0.5685420000000001, 0.5721, 0.57398, 0.576782, 0.5775939999999999, 0.579148], "0.8": [0.147702, 0.19827200000000006, 0.298928, 0.38168800000000014, 0.44404400000000005, 0.46170600000000006, 0.509626, 0.521646, 0.538878, 0.548818, 0.5562140000000001, 0.560082, 0.563202, 0.5665199999999999, 0.569908, 0.5718420000000001, 0.5747180000000001, 0.574752, 0.574632, 0.576966, 0.576204], "0.85": [0.32066199999999995, 0.389438, 0.42103999999999997, 0.48614999999999997, 0.500378, 0.517194, 0.535902, 0.547254, 0.550112, 0.5549300000000001, 0.56099, 0.5652579999999999, 0.567908, 0.5699879999999999, 0.572088, 0.5729760000000002, 0.57373, 0.5762240000000001, 0.577248, 0.58007, 0.578718], "0.9": [0.466978, 0.49014199999999997, 0.5034620000000001, 0.526868, 0.5393539999999999, 0.545744, 0.553392, 0.5571600000000001, 0.5636579999999999, 0.565826, 0.56936, 0.5694499999999999, 0.573434, 0.575418, 0.573524, 0.575074, 0.578572, 0.5759479999999999, 0.576604, 0.579544, 0.57641], "0.95": [0.53742, 0.544162, 0.548984, 0.5562600000000001, 0.5621060000000001, 0.5623159999999999, 0.566224, 0.56796, 0.5689860000000001, 0.5743860000000001, 0.573732, 0.575712, 0.5771419999999999, 0.576936, 0.5782599999999999, 0.5771799999999999, 0.57675, 0.579636, 0.578324, 0.5781860000000001, 0.578806], "1.0": [0.577452, 0.580754, 0.579742, 0.579494, 0.5795319999999999, 0.57705, 0.576498, 0.580178, 0.579486, 0.5806020000000001, 0.578584, 0.5792499999999999, 0.578052, 0.578008, 0.5777319999999999, 0.5806260000000001, 0.5783219999999999, 0.577974, 0.577378, 0.578406, 0.5782039999999999]}