{"0.0": [0.006027999999999999, 0.0067020000000000005, 0.007411999999999999, 0.008860000000000002, 0.010078, 0.012475999999999998, 0.016222, 0.019366, 0.026814000000000004, 0.03753, 0.069218, 0.09086, 0.21138399999999996, 0.37715399999999993, 0.45235, 0.518494, 0.5359560000000001, 0.556854, 0.5689940000000001, 0.574562, 0.580592], "0.05": [0.006281999999999999, 0.006999999999999999, 0.00788, 0.009344, 0.010918, 0.013409999999999998, 0.01799, 0.02238, 0.031917999999999995, 0.04359199999999999, 0.077984, 0.140294, 0.211018, 0.37525600000000003, 0.463122, 0.5242279999999999, 0.5463359999999999, 0.563096, 0.567914, 0.573684, 0.5788320000000001], "0.1": [0.006586, 0.007494, 0.008302, 0.009984, 0.012302, 0.01504, 0.017560000000000003, 0.023018, 0.034064000000000004, 0.052058, 0.08341599999999999, 0.13896, 0.282348, 0.376676, 0.48747599999999996, 0.534506, 0.5404100000000001, 0.562398, 0.568578, 0.575142, 0.579298], "0.15": [0.006771999999999999, 0.007956, 0.008974, 0.010641999999999999, 0.01262, 0.016796, 0.021479999999999996, 0.029122000000000002, 0.04213399999999999, 0.053468, 0.092598, 0.213498, 0.31337200000000004, 0.4391, 0.509902, 0.5280459999999999, 0.551542, 0.562994, 0.570014, 0.5751660000000001, 0.5797059999999999], "0.2": [0.007554000000000001, 0.00851, 0.010162, 0.01149, 0.013726, 0.017762, 0.023566000000000004, 0.033701999999999996, 0.04661, 0.079084, 0.14290399999999998, 0.228432, 0.34896400000000005, 0.4646679999999999, 0.51943, 0.5432779999999999, 0.555402, 0.560392, 0.568076, 0.576302, 0.579182], "0.25": [0.007808000000000001, 0.009170000000000001, 0.010864, 0.012851999999999999, 0.015994, 0.01998, 0.026222000000000002, 0.039175999999999996, 0.055034, 0.085006, 0.145242, 0.300522, 0.40291399999999994, 0.46452, 0.513764, 0.542276, 0.554294, 0.5625740000000001, 0.5697859999999999, 0.5777939999999999, 0.577506], "0.3": [0.008402, 0.009923999999999999, 0.011994000000000003, 0.013777999999999999, 0.018422, 0.023274, 0.034303999999999994, 0.045478000000000005, 0.061349999999999995, 0.111118, 0.19013000000000002, 0.3377220000000001, 0.429664, 0.49419799999999997, 0.526342, 0.5479259999999999, 0.554332, 0.564352, 0.571118, 0.57441, 0.5796600000000001], "0.35": [0.009200000000000002, 0.010761999999999999, 0.012984000000000002, 0.016218, 0.021436, 0.026971999999999996, 0.037168, 0.05439599999999999, 0.10180400000000002, 0.14435599999999998, 0.27225400000000005, 0.39758800000000005, 0.4594499999999999, 0.510652, 0.5315460000000001, 0.553808, 0.559164, 0.566152, 0.572526, 0.575866, 0.57979], "0.4": [0.010026000000000002, 0.012107999999999999, 0.014778000000000003, 0.019138, 0.025907999999999997, 0.035248, 0.047215999999999994, 0.078832, 0.11775600000000001, 0.218738, 0.33585599999999993, 0.44719200000000003, 0.47496199999999994, 0.519512, 0.5359900000000001, 0.555682, 0.559832, 0.564378, 0.571944, 0.575714, 0.5801980000000001], "0.45": [0.01173, 0.013838, 0.017134000000000003, 0.021861999999999996, 0.028680000000000004, 0.039182, 0.056474, 0.09410000000000002, 0.168816, 0.26773, 0.3521780000000001, 0.473632, 0.5134060000000001, 0.5330560000000001, 0.549048, 0.55653, 0.5628460000000001, 0.5680580000000001, 0.571446, 0.5760019999999999, 0.578172], "0.5": [0.013517999999999999, 0.016548, 0.020484000000000006, 0.027986000000000004, 0.038904, 0.05260200000000001, 0.081936, 0.149366, 0.246678, 0.35772200000000004, 0.43598600000000004, 0.4841420000000001, 0.51719, 0.5392399999999999, 0.553418, 0.5585, 0.56588, 0.570548, 0.57414, 0.5766020000000001, 0.5808420000000001], "0.55": [0.015596, 0.019965999999999998, 0.025072, 0.033460000000000004, 0.044216000000000005, 0.06192600000000001, 0.137716, 0.189006, 0.310366, 0.41407599999999994, 0.477138, 0.503946, 0.528836, 0.542584, 0.556492, 0.5611780000000001, 0.5678820000000001, 0.572526, 0.575818, 0.57717, 0.580434], "0.6": [0.019498, 0.024322, 0.031238000000000002, 0.04947800000000001, 0.06296, 0.11446400000000001, 0.18703799999999998, 0.273984, 0.37501200000000007, 0.45546, 0.506954, 0.527566, 0.5430240000000001, 0.553138, 0.557458, 0.565026, 0.5673039999999999, 0.571556, 0.574208, 0.577362, 0.578738], "0.65": [0.027118000000000003, 0.03288, 0.04774, 0.069756, 0.112028, 0.195712, 0.28001799999999993, 0.37026600000000004, 0.46840999999999994, 0.4987540000000001, 0.525012, 0.5353559999999999, 0.5443859999999999, 0.5534460000000001, 0.5648239999999999, 0.567074, 0.572304, 0.570236, 0.574962, 0.577064, 0.57975], "0.7": [0.033052, 0.057092000000000004, 0.07619400000000001, 0.12415199999999998, 0.17848999999999995, 0.320274, 0.37485199999999996, 0.4456759999999999, 0.4860759999999999, 0.51664, 0.525544, 0.54255, 0.552728, 0.5610839999999999, 0.563184, 0.56887, 0.57042, 0.573108, 0.578122, 0.578324, 0.5786739999999999], "0.75": [0.05879399999999999, 0.09823800000000002, 0.142728, 0.216072, 0.316724, 0.4141079999999999, 0.46681200000000006, 0.49168800000000007, 0.522186, 0.5360440000000001, 0.54577, 0.55295, 0.56067, 0.563626, 0.5653760000000001, 0.5703379999999999, 0.573064, 0.5748340000000001, 0.5758099999999999, 0.5789979999999999, 0.5785779999999999], "0.8": [0.13136199999999998, 0.21205600000000005, 0.30948800000000004, 0.368416, 0.434626, 0.487778, 0.48634200000000016, 0.5276540000000001, 0.5392219999999999, 0.5431, 0.55561, 0.5581140000000001, 0.561312, 0.566588, 0.5710640000000001, 0.571444, 0.57531, 0.5764340000000001, 0.5775100000000001, 0.578138, 0.5797759999999998], "0.85": [0.303788, 0.37925, 0.4519040000000001, 0.47774, 0.507518, 0.518046, 0.53122, 0.544498, 0.5498959999999999, 0.5592980000000001, 0.5635640000000001, 0.5676880000000001, 0.568098, 0.5715439999999999, 0.571496, 0.574418, 0.5753820000000001, 0.5760419999999999, 0.5785819999999999, 0.576898, 0.578406], "0.9": [0.467018, 0.486126, 0.51119, 0.521752, 0.526236, 0.5491280000000001, 0.553842, 0.5583100000000001, 0.562412, 0.5667, 0.5669179999999999, 0.570958, 0.571816, 0.571584, 0.576964, 0.576292, 0.576132, 0.57772, 0.5784400000000001, 0.578478, 0.5763159999999999], "0.95": [0.533098, 0.5439419999999999, 0.552026, 0.55908, 0.5629120000000001, 0.5637200000000001, 0.566334, 0.570534, 0.572466, 0.5693860000000001, 0.573858, 0.576194, 0.5784140000000001, 0.577192, 0.5773520000000001, 0.576638, 0.5781820000000001, 0.577192, 0.57861, 0.5795600000000001, 0.5795739999999999], "1.0": [0.579268, 0.579358, 0.57747, 0.577946, 0.5773220000000001, 0.576168, 0.5792, 0.57844, 0.577682, 0.5766900000000001, 0.577052, 0.5797000000000001, 0.578596, 0.578566, 0.5793699999999999, 0.579574, 0.579914, 0.5782879999999999, 0.58004, 0.579042, 0.578992]}