{"0.0": [0.005952000000000001, 0.006784, 0.007718, 0.008832000000000001, 0.010222, 0.012103999999999998, 0.01622, 0.019174, 0.026784, 0.040352, 0.057512, 0.10232400000000003, 0.20467200000000002, 0.29675999999999997, 0.448538, 0.521028, 0.541598, 0.554742, 0.5672919999999999, 0.5732599999999999, 0.578996], "0.05": [0.006160000000000001, 0.00695, 0.007756, 0.009335999999999999, 0.010558000000000001, 0.013376, 0.017624, 0.022214000000000005, 0.028770000000000004, 0.04197599999999999, 0.075144, 0.12618000000000001, 0.23407600000000003, 0.380692, 0.48581199999999997, 0.52005, 0.54767, 0.557882, 0.57004, 0.5733739999999999, 0.580924], "0.1": [0.0066, 0.007377999999999999, 0.008408, 0.010078, 0.01169, 0.015593999999999998, 0.019507999999999998, 0.023837999999999998, 0.034346, 0.048591999999999996, 0.07998999999999999, 0.13567, 0.25103999999999993, 0.42662000000000005, 0.48050400000000004, 0.527628, 0.5539980000000001, 0.55808, 0.569662, 0.574682, 0.5780860000000001], "0.15": [0.00684, 0.007852, 0.009224, 0.010646, 0.013302000000000001, 0.016906, 0.020642, 0.029382000000000005, 0.040234000000000006, 0.06083, 0.10900999999999998, 0.198126, 0.323358, 0.447848, 0.501444, 0.535382, 0.545318, 0.565462, 0.5709540000000001, 0.5756060000000001, 0.5818760000000001], "0.2": [0.007270000000000001, 0.008464, 0.009972, 0.011648, 0.014266, 0.01849, 0.023006000000000002, 0.03127, 0.047161999999999996, 0.076514, 0.123408, 0.21602, 0.36647199999999996, 0.47275999999999996, 0.5039759999999999, 0.536014, 0.555266, 0.564304, 0.5681, 0.573498, 0.578586], "0.25": [0.007902, 0.009174, 0.010536, 0.013035999999999999, 0.015816, 0.020124, 0.024308, 0.037326, 0.05077000000000001, 0.084122, 0.17174, 0.314408, 0.37418400000000007, 0.486632, 0.523098, 0.54352, 0.5556139999999999, 0.5667840000000001, 0.57185, 0.572968, 0.57753], "0.3": [0.008494, 0.010014, 0.012111999999999998, 0.014081999999999999, 0.018782, 0.023134, 0.033064, 0.044472, 0.067716, 0.132704, 0.20982800000000001, 0.35155800000000004, 0.426402, 0.51158, 0.5353460000000001, 0.547048, 0.5585519999999999, 0.567906, 0.5747399999999999, 0.576288, 0.57977], "0.35": [0.009514, 0.011328, 0.013396000000000002, 0.016427999999999998, 0.020701999999999998, 0.02862, 0.038593999999999996, 0.060856000000000014, 0.090128, 0.16457, 0.25690799999999997, 0.39203200000000005, 0.46775, 0.515108, 0.542538, 0.5534880000000001, 0.561286, 0.564964, 0.573254, 0.574846, 0.578782], "0.4": [0.010462000000000003, 0.012104000000000002, 0.014679999999999997, 0.01784, 0.024526, 0.031844, 0.04330399999999999, 0.06522, 0.1199, 0.20982, 0.33672799999999986, 0.42924799999999996, 0.48899000000000004, 0.525098, 0.53962, 0.5504619999999999, 0.5613800000000001, 0.5676779999999999, 0.5743100000000001, 0.575692, 0.5803200000000001], "0.45": [0.011626000000000001, 0.013793999999999999, 0.016784, 0.021928, 0.030078, 0.043254, 0.05994999999999999, 0.093102, 0.16744199999999998, 0.306668, 0.395396, 0.453416, 0.503732, 0.5335560000000001, 0.5469959999999999, 0.560414, 0.563422, 0.566664, 0.57329, 0.5774039999999999, 0.577774], "0.5": [0.012836, 0.015745999999999996, 0.019957999999999997, 0.027306, 0.040224, 0.050575999999999996, 0.07556200000000002, 0.13173999999999997, 0.25097200000000003, 0.34261600000000003, 0.42902799999999996, 0.500452, 0.514798, 0.538974, 0.549164, 0.559292, 0.56383, 0.568326, 0.573778, 0.576782, 0.57731], "0.55": [0.015458000000000001, 0.020943999999999994, 0.025229999999999995, 0.033788, 0.04854, 0.072542, 0.131766, 0.20726200000000003, 0.316838, 0.414734, 0.46376399999999995, 0.502784, 0.530396, 0.545496, 0.555268, 0.561236, 0.564848, 0.569406, 0.5743459999999999, 0.5761740000000001, 0.57808], "0.6": [0.019124, 0.024038, 0.032364, 0.050002000000000005, 0.06342199999999999, 0.100318, 0.197694, 0.26787999999999995, 0.40381199999999995, 0.43967200000000006, 0.48812999999999995, 0.530256, 0.543134, 0.550466, 0.559082, 0.561734, 0.566052, 0.5725560000000001, 0.5735959999999999, 0.5756040000000001, 0.579434], "0.65": [0.025264, 0.03409, 0.048818, 0.066572, 0.100746, 0.18342199999999995, 0.28898799999999997, 0.36857399999999996, 0.439932, 0.49544000000000005, 0.525976, 0.5345200000000001, 0.545468, 0.559986, 0.5585859999999999, 0.5671020000000001, 0.5705020000000001, 0.57436, 0.57734, 0.578786, 0.578116], "0.7": [0.034892000000000006, 0.047638, 0.068652, 0.124338, 0.212248, 0.31276400000000004, 0.39541, 0.45409, 0.4945820000000001, 0.517526, 0.535784, 0.544076, 0.555796, 0.559914, 0.562982, 0.569146, 0.573184, 0.573372, 0.576026, 0.5771, 0.5770559999999999], "0.75": [0.059893999999999996, 0.09279799999999999, 0.153956, 0.255606, 0.32771, 0.39715799999999996, 0.464526, 0.492772, 0.522168, 0.5377959999999999, 0.546162, 0.5514619999999999, 0.560148, 0.564284, 0.567238, 0.5695800000000001, 0.570246, 0.574974, 0.57384, 0.575962, 0.57825], "0.8": [0.12112, 0.19263000000000005, 0.309906, 0.39035999999999993, 0.43438000000000004, 0.475398, 0.503438, 0.5156120000000001, 0.531942, 0.545328, 0.5560240000000001, 0.5602900000000001, 0.5650759999999999, 0.567714, 0.571992, 0.5730919999999999, 0.572426, 0.577538, 0.5748999999999999, 0.5783560000000001, 0.57901], "0.85": [0.276168, 0.395942, 0.42891200000000007, 0.48234799999999994, 0.50737, 0.523038, 0.5374920000000001, 0.541292, 0.55169, 0.5550799999999999, 0.561764, 0.5641999999999999, 0.5670060000000001, 0.569308, 0.573018, 0.575428, 0.575, 0.576666, 0.577918, 0.575402, 0.5788920000000001], "0.9": [0.465338, 0.48749200000000004, 0.5120859999999999, 0.52778, 0.539746, 0.546828, 0.554092, 0.560066, 0.560562, 0.566492, 0.568778, 0.570798, 0.570594, 0.5728120000000001, 0.573536, 0.5740580000000001, 0.576874, 0.576942, 0.5771999999999999, 0.5773780000000001, 0.578806], "0.95": [0.534994, 0.542676, 0.551272, 0.5575420000000001, 0.5580820000000001, 0.56723, 0.5658439999999999, 0.568536, 0.5724159999999999, 0.573608, 0.572366, 0.576026, 0.577094, 0.5771999999999999, 0.5734259999999999, 0.573884, 0.57619, 0.5790739999999999, 0.577664, 0.5776779999999999, 0.5786619999999999], "1.0": [0.581156, 0.5793940000000001, 0.576466, 0.579098, 0.57895, 0.577734, 0.578272, 0.5797840000000001, 0.579126, 0.5789259999999999, 0.579376, 0.581372, 0.578786, 0.579472, 0.5787220000000001, 0.578612, 0.5795040000000001, 0.578136, 0.580204, 0.577772, 0.57926]}